Name,Club,CupYear
Fernando Muslera,Lazio Rom,2010
Juan Castillo,Botafogo FR Rio de Janeiro,2010
Martín Silva,Defensor Sporting Club,2010
Diego Lugano,Fenerbahce Istanbul,2010
Diego Godín,FC Villarreal,2010
Andrés Scotti,Argentinos Juniors,2010
Carlos Valdez,Reggina Calcio,2010
Sebastián Coates,Nacional Montevideo,2010
Mauricio Victorino,Club Universidad de Chile,2010
Álvaro Pereira,FC Porto,2010
Martín Cáceres,FC Barcelona,2010
Jorge Fucile,FC Porto,2010
Maxi Pereira,Benfica Lissabon,2010
Bruno Silva,Ajax Amsterdam,2010
Sebastián Eguren,FC Villarreal,2010
Wálter Gargano,SSC Neapel,2010
Diego Pérez,AS Monaco,2010
Egidio Arévalo Ríos,CF Monterrey,2010
Miguel Amado,Defensor Sporting Club,2010
Álvaro González,Nacional Montevideo,2010
Álvaro Fernández,Nacional Montevideo,2010
Jorge Rodríguez,CA River Plate Montevideo,2010
Ignacio González,FC Valencia,2010
Nicolás Lodeiro,Nacional Montevideo,2010
Jorge Martínez,Catania Calcio,2010
Sebastián Fernández,Club Atlético Banfield,2010
Diego Forlán,Atlético Madrid,2010
Luis Suárez,Ajax Amsterdam,2010
Edinson Cavani,US Palermo,2010
Sebastián Abreu,Aris Thessaloniki,2010
Guillermo Ochoa,CF América,2010
José de Jesús Corona,CD Cruz Azul,2010
Luis Michel,Deportivo Guadalajara,2010
Jonathan Orozco,CF Monterrey,2010
Óscar Pérez,Chiapas FC,2010
Rafael Márquez,FC Barcelona,2010
Héctor Moreno,AZ Alkmaar,2010
Jonny Magallón,Deportivo Guadalajara,2010
Edgar Dueñas,Deportivo Toluca,2010
Maza,PSV Eindhoven,2010
Juan Carlos Valenzuela,CF América,2010
Patricio Araujo,Deportivo Guadalajara,2010
Ismael Rodríguez,CF América,2010
Hugo Ayala,Atlas Guadalajara,2010
Andrés Guardado,Deportivo La Coruna,2010
Fausto Pinto,CD Cruz Azul,2010
Adrián Aldrete,Dorados de Sinaloa,2010
Jorge Torres,Atlas Guadalajara,2010
Daniel Arreola,CF Atlante,2010
Ricardo Osorio,VfB Stuttgart,2010
Óscar Rojas,CF América,2010
Paul Aguilar,CF Pachuca,2010
Efraín Juárez,UNAM Pumas,2010
José Antonio Castro,Tigres UANL,2010
Carlos Salcido,PSV Eindhoven,2010
Gerardo Torrado,CD Cruz Azul,2010
Israel Castro,UNAM Pumas,2010
Israel Martínez,CF América,2010
Luis Miguel Noriega,Puebla FC,2010
Jesús Molina,Tigres UANL,2010
Jonathan dos Santos,FC Barcelona Juvenil A,2010
Pablo Barrera,UNAM Pumas,2010
Edgar Pacheco,Atlas Guadalajara,2010
Braulio Luna,San Luis FC,2010
Ángel Reyna,CF América,2010
Néstor Calderón,Deportivo Toluca,2010
Alberto Medina,Deportivo Guadalajara,2010
Carlos Vela,FC Arsenal,2010
Omar Arellano,Deportivo Guadalajara,2010
Carlos Esquivel,Deportivo Toluca,2010
Giovani dos Santos,Tottenham Hotspur,2010
Adolfo Bautista,Chiapas FC,2010
Cuauhtémoc Blanco,Chicago Fire,2010
Guillermo Franco,FC Villarreal,2010
Omar Bravo,Deportivo La Coruna,2010
Vicente Matías Vuoso,Santos Laguna,2010
Miguel Sabah,Monarcas Morelia,2010
Juan Carlos Cacho,CF Pachuca,2010
Chicharito,Deportivo Guadalajara,2010
Aldo de Nigris,CF Monterrey,2010
Enrique Esqueda,CF América,2010
Steve Mandanda,Olympique Marseille,2010
Hugo Lloris,Olympique Lyon,2010
Cédric Carrasso,FC Girondins Bordeaux,2010
Éric Abidal,FC Barcelona,2010
William Gallas,FC Arsenal,2010
Sébastien Squillaci,FC Sevilla,2010
Jean-Alain Boumsong,Olympique Lyon,2010
Marc Planus,FC Girondins Bordeaux,2010
Adil Rami,OSC Lille,2010
Julien Escudé,FC Sevilla,2010
Mickaël Ciani,FC Lorient,2010
Patrice Evra,Manchester United,2010
Gaël Clichy,FC Arsenal,2010
Aly Cissokho,FC Porto,2010
Bacary Sagna,FC Arsenal,2010
Rod Fanni,FC Stade Rennes,2010
Anthony Réveillère,Olympique Lyon,2010
Jérémy Toulalan,Olympique Lyon,2010
Lassana Diarra,Real Madrid,2010
Alou Diarra,FC Girondins Bordeaux,2010
Benoît Cheyrou,Olympique Marseille,2010
Moussa Sissoko,FC Toulouse,2010
Abou Diaby,FC Arsenal,2010
Yoann Gourcuff,FC Girondins Bordeaux,2010
Mathieu Valbuena,Olympique Marseille,2010
Franck Ribéry,FC Bayern München,2010
Florent Malouda,FC Chelsea,2010
Hatem Ben Arfa,Olympique Marseille,2010
Sidney Govou,Olympique Lyon,2010
Karim Benzema,Olympique Lyon,2010
Nicolas Anelka,FC Chelsea,2010
Thierry Henry,FC Barcelona,2010
André-Pierre Gignac,FC Toulouse,2010
Djibril Cissé,Panathinaikos Athen,2010
Loïc Rémy,OGC Nizza,2010
Sergio Romero,AZ Alkmaar,2010
Mariano Andújar,Catania Calcio,2010
Diego Pozo,Club Atlético Colón (Santa Fe),2010
Nelson Ibáñez,Club Deportivo Godoy Cruz,2010
Cristian Campestrini,Arsenal de Sarandí FC,2010
Adrián Gabbarini,CA Independiente de Avellaneda,2010
Javier Mascherano,FC Liverpool,2010
Martín Demichelis,FC Bayern München,2010
Wálter Samuel,Inter Mailand,2010
Fabricio Coloccini,Newcastle United,2010
Gabriel Heinze,Real Madrid,2010
Nicolás Pareja,Espanyol Barcelona,2010
Nicolás Burdisso,Inter Mailand,2010
Matías Caruzzo,Argentinos Juniors,2010
Paolo Goltz,Club Atlético Huracán,2010
Nicolás Otamendi,Club Atlético Vélez Sarsfield,2010
Juan Insaurralde,Club Atlético Newell's Old Boys,2010
Ignacio Canuto,Argentinos Juniors,2010
Ariel Garcé,Club Atlético Colón (Santa Fe),2010
Mariano Echeverría,Club Atlético Chacarita Juniors,2010
Leonel Galeano,CA Independiente de Avellaneda,2010
Fabián Monzón,Club Atlético Boca Juniors,2010
Cristian Ansaldi,Rubin Kazan,2010
Emiliano Papa,Club Atlético Vélez Sarsfield,2010
Clemente Rodríguez,Spartak Moskau,2010
Javier Zanetti,Inter Mailand,2010
Gabriel Mercado,Racing Club de Avellaneda,2010
Cristian Villagra,Club Atlético River Plate,2010
Esteban Cambiasso,Inter Mailand,2010
Fernando Gago,Real Madrid,2010
Mario Bolatti,Club Atlético Huracán,2010
Juan Sebastián Verón,Estudiantes de La Plata,2010
Juan Mercier,Argentinos Juniors,2010
Nicolás Olmedo,Club Deportivo Godoy Cruz,2010
Sebastián Battaglia,Club Atletico Boca Juniors II,2010
Patricio Toranzo,Club Atlético Huracán,2010
Jonás Gutiérrez,Newcastle United,2010
Wálter Acevedo,CA Independiente de Avellaneda,2010
José Luis Fernández,Racing Club de Avellaneda,2010
Esteban Díaz,Club Sportivo Desamparados (SJ),2010
Pablo Aimar,Benfica Lissabon,2010
Sebastián Blanco,Club Atlético Lanús,2010
Javier Pastore,Club Atlético Huracán,2010
Federico Insúa,Club Atlético Boca Juniors,2010
Jesús Méndez,Club Atlético Rosario Central,2010
Ariel Ortega,Club Atlético River Plate,2010
Facundo Bertoglio,Club Atlético Colón (Santa Fe),2010
Maxi Rodríguez,Atlético Madrid,2010
Jesús Dátolo,SSC Neapel,2010
Diego Perotti,FC Sevilla,2010
Nicolás Gaitán,Club Atlético Boca Juniors,2010
Ángel di María,Benfica Lissabon,2010
Ezequiel Lavezzi,SSC Neapel,2010
Carlos Tévez,West Ham United,2010
Gabriel Hauche,Argentinos Juniors,2010
Lionel Messi,FC Barcelona,2010
Kun Agüero,Atlético Madrid,2010
Gonzalo Higuaín,Real Madrid,2010
Diego Milito,Inter Mailand,2010
Lisandro López,FC Porto,2010
Martín Palermo,Club Atlético Boca Juniors,2010
Franco Jara,Arsenal de Sarandí FC,2010
Juan Pablo Pereyra,Club Atlético Tucumán,2010
Konstantinos Chalkias,PAOK Thessaloniki,2010
Alexandros Tzorvas,Panathinaikos Athen,2010
Michalis Sifakis,Aris Thessaloniki,2010
Sotiris Kyrgiakos,AEK Athen,2010
Avraam Papadopoulos,Olympiakos Piräus,2010
Sokratis,FC Genua 1893,2010
Loukas Vyntra,Panathinaikos Athen,2010
Stelios Malezas,PAOK Thessaloniki,2010
Vangelis Moras,FC Bologna,2010
Nikolaos Spyropoulos,Panathinaikos Athen,2010
Vasilis Torosidis,Olympiakos Piräus,2010
Georgios Seitaridis,Atlético Madrid,2010
Konstantinos Katsouranis,Panathinaikos Athen,2010
Alexandros Tziolis,Panathinaikos Athen,2010
Grigoris Makos,AEK Athen,2010
Christos Patsatzoglou,Omonia Nikosia,2010
Vasileios Pliatsikas,FC Schalke 04,2010
Georgios Karagounis,Panathinaikos Athen,2010
Lazaros Christodoulopoulos,Panathinaikos Athen,2010
Athanasios Prittas,Aris Thessaloniki,2010
Sotiris Ninis,Panathinaikos Athen,2010
Georgios Samaras,Celtic Glasgow,2010
Ioannis Amanatidis,Eintracht Frankfurt,2010
Dimitrios Salpingidis,Panathinaikos Athen,2010
Theofanis Gekas,Bayer 04 Leverkusen,2010
Nikolaos Liberopoulos,Eintracht Frankfurt,2010
Konstantinos Mitroglou,Olympiakos Piräus,2010
Angelos Charisteas,1.FC Nürnberg,2010
Pantelis Kapetanos,Steaua Bukarest,2010
Tim Howard,FC Everton,2010
Marcus Hahnemann,Wolverhampton Wanderers,2010
Brad Guzan,Aston Villa,2010
Luis Robles,1.FC Kaiserslautern,2010
Troy Perkins,Valerenga Oslo,2010
Jon Busch,Chicago Fire,2010
Oguchi Onyewu,Standard Lüttich,2010
Carlos Bocanegra,FC Stade Rennes,2010
Jay DeMerit,FC Watford,2010
Jimmy Conrad,Sporting Kansas City,2010
Chad Marshall,Columbus Crew,2010
Clarence Goodson,IK Start Kristiansand,2010
Edgar Castillo,Tigres UANL,2010
Heath Pearce,FC Hansa Rostock,2010
Steven Cherundolo,Hannover 96,2010
Frankie Hejduk,Columbus Crew,2010
Michael Parkhurst,FC Nordsjaelland,2010
Jonathan Spector,West Ham United,2010
Maurice Edu,Glasgow Rangers,2010
Sacha Kljestan,CD Chivas USA,2010
Kyle Beckerman,Real Salt Lake City,2010
Logan Pause,Chicago Fire,2010
Michael Bradley,Borussia Mönchengladbach,2010
José Francisco Torres,CF Pachuca,2010
Benny Feilhaber,Aarhus GF,2010
Stuart Holden,Houston Dynamo,2010
Dax McCarty,FC Dallas,2010
Davy Arnaud,Sporting Kansas City,2010
Brad Evans,Seattle Sounders FC,2010
Sam Cronin,Toronto FC,2010
Ricardo Clark,Houston Dynamo,2010
Santino Quaranta,D.C. United,2010
Jay Heaps,New England Revolution,2010
Jonathan Bornstein,CD Chivas USA,2010
Robbie Rogers,Columbus Crew,2010
Colin Clark,Colorado Rapids,2010
Alejandro Bedoya,Örebro SK,2010
DaMarcus Beasley,Glasgow Rangers,2010
Clint Dempsey,FC Fulham,2010
Landon Donovan,Los Angeles Galaxy,2010
Freddy Adu,Benfica Lissabon,2010
Jozy Altidore,FC Villarreal,2010
Charlie Davies,Hammarby IF,2010
Eddie Johnson,FC Fulham,2010
Jeff Cunningham,FC Dallas,2010
Conor Casey,Colorado Rapids,2010
Brian Ching,Houston Dynamo,2010
Kenny Cooper Jr.,FC Dallas,2010
Hérculez Gómez,Sporting Kansas City,2010
Edson Buddle,Los Angeles Galaxy,2010
Robbie Findley,Real Salt Lake City,2010
Robert Green,West Ham United,2010
Joe Hart,Birmingham City,2010
Paul Robinson,Blackburn Rovers,2010
David James,FC Portsmouth,2010
Ben Foster,Manchester United,2010
Rio Ferdinand,Manchester United,2010
John Terry,FC Chelsea,2010
Jamie Carragher,FC Liverpool,2010
Joleon Lescott,FC Everton,2010
Ledley King,Tottenham Hotspur,2010
Wes Brown,Manchester United,2010
Matthew Upson,West Ham United,2010
Michael Dawson,Tottenham Hotspur,2010
Gary Cahill,Bolton Wanderers,2010
Ryan Shawcross,Stoke City,2010
Ashley Cole,FC Chelsea,2010
Wayne Bridge,Manchester City,2010
Leighton Baines,FC Everton,2010
Stephen Warnock,Blackburn Rovers,2010
Glen Johnson,FC Liverpool,2010
Tom Huddlestone,Tottenham Hotspur,2010
Steven Gerrard,FC Liverpool,2010
Frank Lampard,FC Chelsea,2010
Michael Carrick,Manchester United,2010
Gareth Barry,Manchester City,2010
Jermaine Jenas,Tottenham Hotspur,2010
Scott Parker,West Ham United,2010
David Beckham,Los Angeles Galaxy,2010
James Milner,Aston Villa,2010
Ashley Young,Aston Villa,2010
Stewart Downing,FC Middlesbrough,2010
Joe Cole,FC Chelsea,2010
Aaron Lennon,Tottenham Hotspur,2010
Shaun Wright-Phillips,Manchester City,2010
Adam Johnson,FC Middlesbrough,2010
Theo Walcott,FC Arsenal,2010
Wayne Rooney,Manchester United,2010
Jermain Defoe,Tottenham Hotspur,2010
Darren Bent,Tottenham Hotspur,2010
Peter Crouch,FC Portsmouth,2010
Carlton Cole,West Ham United,2010
Emile Heskey,Aston Villa,2010
Samir Handanovic,Udinese Calcio,2010
Jasmin Handanovic,Mantova FC,2010
Aleksander Seliga,Sparta Rotterdam,2010
Bostjan Cesar,Grenoble Foot 38,2010
Branko Ilic,Real Betis Sevilla,2010
Matej Mavric,TuS Koblenz,2010
Marko Suler,KAA Gent,2010
Dejan Kelhar,Cercle Brügge,2010
Elvedin Dzinic,NK Maribor,2010
Bojan Jokic,FC Sochaux-Montbéliard,2010
Suad Filekovic,NK Maribor,2010
Miso Brecko,1.FC Köln,2010
Aleksandar Radosavljevic,Tom Tomsk,2010
Rene Krhin,Inter Mailand,2010
Dalibor Stevanovic,Vitesse Arnheim,2010
Andrej Komac,Djurgardens IF,2010
Robert Koren,West Bromwich Albion,2010
Valter Birsa,AJ Auxerre,2010
Nejc Pecnik,CD Nacional,2010
Mirnes Sisic,Vereinslos,2010
Andraz Kirm,Wisla Krakau,2010
Milivoje Novakovic,1.FC Köln,2010
Zlatan Ljubijankic,KAA Gent,2010
Zlatko Dedic,VfL Bochum,2010
Tim Matavz,FC Groningen,2010
Raïs M'Bolhi,Slavia Sofia,2010
Lounès Gaouaoui,ASO Chlef,2010
Mohamed Ousserir,CR Belouizdad,2010
Mohamed Lamine Zemmamouche,MC Algier,2010
Fawzi Chaouchi,ES Sétif,2010
Madjid Bougherra,Glasgow Rangers,2010
Habib Bellaid,Eintracht Frankfurt,2010
Anthar Yahia,VfL Bochum,2010
Carl Medjani,AC Ajaccio,2010
Rafik Halliche,CD Nacional,2010
Samir Zaoui,ASO Chlef,2010
Abdelkader Laïfaoui,ES Sétif,2010
Nadir Belhadj,FC Portsmouth,2010
Slimana Raho,ES Sétif,2010
Réda Babouche,MC Algier,2010
Mehdi Lacen,Racing Santander,2010
Khaled Lemmouchia,ES Sétif,2010
Hassan Yebda,Benfica Lissabon,2010
Yazid Mansouri,FC Lorient,2010
Adlène Guédioura,RSC Charleroi,2010
Cherif Abdesslam,USM Annaba,2010
Hameur Bouazza,FC Fulham,2010
Yacine Bezzaz,Racing Straßburg,2010
Djamel Mesbah,US Lecce,2010
Karim Ziani,Olympique Marseille,2010
Mourad Meghni,Lazio Rom,2010
Ryad Boudebouz,FC Sochaux-Montbéliard,2010
Foued Kadir,SC Amiens,2010
Hocine Achiou,USM Algier,2010
Karim Matmour,Borussia Mönchengladbach,2010
Chadli Amri,1.FSV Mainz 05,2010
Djamel Abdoun,FC Nantes,2010
Abdelkader Ghezzal,AC Siena,2010
Kamel Ghilas,Celta Vigo,2010
Rafik Djebbour,AEK Athen,2010
Rafik Saïfi,FC Lorient,2010
Abdelmalek Ziaya,ES Sétif,2010
René Adler,Bayer 04 Leverkusen,2010
Manuel Neuer,FC Schalke 04,2010
Robert Enke †,Hannover 96,2010
Tim Wiese,SV Werder Bremen,2010
Hans Jörg Butt,FC Bayern München,2010
Tobias Sippel,1.FC Kaiserslautern,2010
Per Mertesacker,SV Werder Bremen,2010
Serdar Tasci,VfB Stuttgart,2010
Arne Friedrich,Hertha BSC,2010
Heiko Westermann,FC Schalke 04,2010
Mats Hummels,Borussia Dortmund,2010
Jérôme Boateng,Hamburger SV,2010
Holger Badstuber,FC Bayern München,2010
Marcell Jansen,Hamburger SV,2010
Marcel Schäfer,VfL Wolfsburg,2010
Dennis Aogo,Hamburger SV,2010
Philipp Lahm,FC Bayern München,2010
Andreas Beck,TSG 1899 Hoffenheim,2010
Christian Träsch,VfB Stuttgart,2010
Simon Rolfes,Bayer 04 Leverkusen,2010
Sami Khedira,VfB Stuttgart,2010
Stefan Reinartz,Bayer 04 Leverkusen,2010
Michael Ballack,FC Chelsea,2010
Bastian Schweinsteiger,FC Bayern München,2010
Piotr Trochowski,Hamburger SV,2010
Thomas Hitzlsperger,VfB Stuttgart,2010
Christian Gentner,VfL Wolfsburg,2010
Mesut Özil,SV Werder Bremen,2010
Toni Kroos,Bayer 04 Leverkusen,2010
Aaron Hunt,SV Werder Bremen,2010
Marko Marin,SV Werder Bremen,2010
Kevin Großkreutz,Borussia Dortmund,2010
Lukas Podolski,1.FC Köln,2010
Thomas Müller,FC Bayern München,2010
Cacau,VfB Stuttgart,2010
Mario Gómez,FC Bayern München,2010
Miroslav Klose,FC Bayern München,2010
Stefan Kießling,Bayer 04 Leverkusen,2010
Maarten Stekelenburg,Ajax Amsterdam,2010
Piet Velthuizen,Vitesse Arnheim,2010
Michel Vorm,FC Utrecht,2010
Sander Boschker,FC Twente Enschede,2010
Joris Mathijsen,Hamburger SV,2010
Johnny Heitinga,Atlético Madrid,2010
Khalid Boulahrouz,VfB Stuttgart,2010
Glenn Loovens,Celtic Glasgow,2010
André Ooijer,PSV Eindhoven,2010
Ron Vlaar,Feyenoord Rotterdam,2010
Giovanni van Bronckhorst,Feyenoord Rotterdam,2010
Edson Braafheid,FC Bayern München,2010
Dirk Marcellis,PSV Eindhoven,2010
Gregory van der Wiel,Ajax Amsterdam,2010
Nigel de Jong,Manchester City,2010
Mark van Bommel,FC Bayern München,2010
Stijn Schaars,AZ Alkmaar,2010
David Mendes da Silva,AZ Alkmaar,2010
Orlando Engelaar,PSV Eindhoven,2010
Wout Brama,FC Twente Enschede,2010
Vurnon Anita,Ajax Amsterdam,2010
Demy de Zeeuw,AZ Alkmaar,2010
Wesley Sneijder,Real Madrid,2010
Rafael van der Vaart,Real Madrid,2010
Otman Bakkal,PSV Eindhoven,2010
Ibrahim Afellay,PSV Eindhoven,2010
Arjen Robben,Real Madrid,2010
Ryan Babel,FC Liverpool,2010
Dirk Kuyt,FC Liverpool,2010
Eljero Elia,FC Twente Enschede,2010
Robin van Persie,FC Arsenal,2010
Klaas-Jan Huntelaar,Real Madrid,2010
Seigo Narazaki,Nagoya Grampus,2010
Eiji Kawashima,Kawasaki Frontale,2010
Yoshikatsu Kawaguchi,Jubilo Iwata,2010
Ryota Tsuzuki,Urawa Red Diamonds,2010
Shusaku Nishikawa,Oita Trinita,2010
Shuichi Gonda,FC Tokyo,2010
Kaito Yamamoto,Shimizu S-Pulse,2010
Tulio,Urawa Red Diamonds,2010
Yuji Nakazawa,Yokohama F. Marinos,2010
Yasuyuki Konno,FC Tokyo,2010
Daiki Iwamasa,Kashima Antlers,2010
Maya Yoshida,Nagoya Grampus,2010
Tomoaki Makino,Sanfrecce Hiroshima,2010
Yuzo Kurihara,Yokohama F. Marinos,2010
Kazuya Yamamura,Ryutsu Keizai University,2010
Yuto Nagatomo,FC Tokyo,2010
Kosuke Ota,Shimizu S-Pulse,2010
Atsuto Uchida,Kashima Antlers,2010
Yuichi Komano,Jubilo Iwata,2010
Yuhei Tokunaga,FC Tokyo,2010
Gotoku Sakai,Albirex Niigata,2010
Makoto Hasebe,VfL Wolfsburg,2010
Yuki Abe,Urawa Red Diamonds,2010
Junichi Inamoto,FC Stade Rennes,2010
Hideo Hashimoto,Gamba Osaka,2010
Naoya Kikuchi,Oita Trinita,2010
Takuya Aoki,Omiya Ardija,2010
Takuji Yonemoto,FC Tokyo,2010
Taisuke Muramatsu,Shonan Bellmare,2010
Yasuhito Endo,Gamba Osaka,2010
Kengo Nakamura,Kawasaki Frontale,2010
Mitsuo Ogasawara,Kashima Antlers,2010
Shunsuke Nakamura,Espanyol Barcelona,2010
Shinji Kagawa,Cerezo Osaka,2010
Yosuke Kashiwagi,Sanfrecce Hiroshima,2010
Keisuke Honda,VVV-Venlo,2010
Naoki Yamada,Urawa Red Diamonds,2010
Daisuke Matsui,Grenoble Foot 38,2010
Koji Yamase,Yokohama F. Marinos,2010
Takashi Inui,Cerezo Osaka,2010
Mu Kanazaki,Oita Trinita,2010
Naohiro Ishikawa,FC Tokyo,2010
Keiji Tamada,Nagoya Grampus,2010
Shinji Okazaki,Shimizu S-Pulse,2010
Yoshito Okubo,Vissel Kobe,2010
Hisato Sato,Sanfrecce Hiroshima,2010
Shinzo Koroki,Kashima Antlers,2010
Takayuki Morimoto,Catania Calcio,2010
Kisho Yano,Albirex Niigata,2010
Ryoichi Maeda,Jubilo Iwata,2010
Yuya Osako,Kashima Antlers,2010
Sota Hirayama,FC Tokyo,2010
Kazuma Watanabe,Yokohama F. Marinos,2010
Kensuke Nagai,Avispa Fukuoka,2010
Thomas Sörensen,Stoke City,2010
Stephan Andersen,Bröndby IF,2010
Jesper Christiansen,FC Kopenhagen,2010
Kim Christensen,IFK Göteborg,2010
Daniel Agger,FC Liverpool,2010
Per Kröldrup,AC Florenz,2010
Simon Kjaer,US Palermo,2010
Michael Jakobsen,Aalborg BK,2010
Anders Möller Christensen,Odense Boldklub,2010
Kris Stadsgaard,Rosenborg Trondheim,2010
Morten Rasmussen,AC Horsens,2010
Jim Larsen,Silkeborg IF,2010
Michael Lumb,Aarhus GF,2010
Simon Poulsen,AZ Alkmaar,2010
Patrick Mtiliga,FC Málaga,2010
Leon Jessen,FC Midtjylland,2010
Lars Jacobsen,Blackburn Rovers,2010
Peter Nymann,Esbjerg fB,2010
Christian Poulsen,Juventus Turin,2010
William Kvist,FC Kopenhagen,2010
Rasmus Würtz,Aalborg BK,2010
Martin Örnskov,Silkeborg IF,2010
Daniel Jensen,SV Werder Bremen,2010
Thomas Kahlenberg,VfL Wolfsburg,2010
Martin Jörgensen,AC Florenz,2010
Michael Silberbauer,FC Utrecht,2010
Jakob Poulsen,Aarhus GF,2010
Hjalte Bo Nörregaard,FC Kopenhagen,2010
Mikkel Thygesen,FC Midtjylland,2010
Lasse Schöne,NEC Nijmegen,2010
Sören Rieks,Esbjerg fB,2010
Christian Eriksen,(RJO) Ajax Amsterdam U19,2010
Michael Krohn-Dehli,Bröndby IF,2010
Thomas Enevoldsen,Aalborg BK,2010
Johan Absalonsen,Odense Boldklub,2010
Jesper Grönkjaer,FC Kopenhagen,2010
Dennis Rommedahl,Ajax Amsterdam,2010
Jon Dahl Tomasson,Feyenoord Rotterdam,2010
Jesper Bech,Silkeborg IF,2010
Nicklas Bendtner,FC Arsenal,2010
Duncan,Bröndby IF,2010
Martin Bernburg,FC Nordsjaelland,2010
Mikkel Beckmann,Randers FC,2010
Sören Larsen,FC Toulouse,2010
Rajko Lekic,Silkeborg IF,2010
Justo Villar,Real Valladolid,2010
Aldo Bobadilla,Independiente Medellín,2010
Diego Barreto,Club Cerro Porteño,2010
Paulo da Silva,AFC Sunderland,2010
Antolín Alcaraz,FC Brügge,2010
Julio Cáceres,Club Atlético Boca Juniors,2010
Darío Verón,UNAM Pumas,2010
Denis Caniza,Club Nacional Asunción,2010
Claudio Morel,Club Atlético Boca Juniors,2010
Aureliano Torres,Club Atlético San Lorenzo de Almagro,2010
Carlos Bonet,Olimpia Asunción,2010
Néstor Ortigoza,Argentinos Juniors,2010
Cristian Riveros,CD Cruz Azul,2010
Eduardo Ledesma,Club Atlético Lanús,2010
Víctor Cáceres,Club Libertad Asunción,2010
Édgar Barreto,Atalanta Bergamo,2010
Jonathan Santana,VfL Wolfsburg,2010
Enrique Vera,LDU Quito,2010
Sergio Aquino,Club Libertad Asunción,2010
Osvaldo Martínez,CF Monterrey,2010
Jorge Daniel Achucarro,Club Atlético Newell's Old Boys,2010
Roque Santa Cruz,Manchester City,2010
Óscar Cardozo,Benfica Lissabon,2010
Nelson Valdez,Borussia Dortmund,2010
Lucas Barrios,CSD Colo Colo,2010
Edgar Benítez,CF Pachuca,2010
Dante López,UNAM Pumas,2010
Rodolfo Gamarra,Club Libertad Asunción,2010
Ján Mucha,Legia Warschau,2010
Dusan Kuciak,FC Vaslui,2010
Dusan Pernis,MSK Zilina,2010
Lubos Kamenar,FC Petrzalka,2010
Martin Skrtel,FC Liverpool,2010
Jan Durica,Lokomotiv Moskau,2010
Csaba Horváth,ADO Den Haag,2010
Kornel Salata,Slovan Bratislava,2010
Dusan Svento,Red Bull Salzburg,2010
Marek Cech,West Bromwich Albion,2010
Radoslav Zabavník,Terek Grozny,2010
Peter Pekarík,VfL Wolfsburg,2010
Martin Petras,AC Cesena,2010
Juraj Kucka,AC Sparta Prag,2010
Zdeno Strba,Skoda Xanthi,2010
Kamil Kopúnek,Spartak Trnava,2010
Marek Sapara,Rosenborg Trondheim,2010
Miroslav Karhan,1.FSV Mainz 05,2010
Marek Hamsik,SSC Neapel,2010
Jan Kozak,Slovan Bratislava,2010
Vladimír Weiss,Manchester City,2010
Miroslav Stoch,FC Chelsea,2010
Filip Holosko,Besiktas Istanbul,2010
Stanislav Sestak,VfL Bochum,2010
Róbert Vittek,OSC Lille,2010
Erik Jendrisek,1.FC Kaiserslautern,2010
Martin Jakubko,FK Moskau,2010
Glen Moss,Melbourne Victory,2010
Mark Paston,Wellington Phoenix,2010
James Bannatyne,Team Wellington,2010
Ryan Nelsen,Blackburn Rovers,2010
Winston Reid,FC Midtjylland,2010
Ivan Vicelich,Auckland City FC,2010
Tommy Smith,Ipswich Town,2010
Andrew Boyens,New York Red Bulls,2010
Benjamin Sigmund,Wellington Phoenix,2010
Tony Lochhead,Wellington Phoenix,2010
Aaron Scott,Waitakere United,2010
Chad Coombes,Auckland City FC,2010
Simon Elliott,San Jose Earthquakes,2010
David Mulligan,Wellington Phoenix,2010
Aaron Clapham,Canterbury United,2010
Tim Brown,Wellington Phoenix,2010
Jeremy Christie,Waitakere United,2010
Michael McGlinchey,Central Coast Mariners,2010
Andrew Barron,Team Wellington,2010
Leo Bertos,Wellington Phoenix,2010
Rory Fallon,Plymouth Argyle,2010
Chris Killen,Celtic Glasgow,2010
Shane Smeltz,Gold Coast United,2010
Jeremy Brockie,Northern Fury FC,2010
Neil Jones,University of California Santa Barbara,2010
Chris Wood,West Bromwich Albion,2010
Gianluigi Buffon,Juventus Turin,2010
Morgan De Sanctis,SSC Neapel,2010
Federico Marchetti,Cagliari Calcio,2010
Salvatore Sirigu,US Palermo,2010
Giorgio Chiellini,Juventus Turin,2010
Daniele Bonera,AC Mailand,2010
Fabio Cannavaro,Juventus Turin,2010
Nicola Legrottaglie,Juventus Turin,2010
Salvatore Bocchetti,FC Genua 1893,2010
Leonardo Bonucci,FC Genua 1893,2010
Fabio Grosso,Olympique Lyon,2010
Domenico Criscito,FC Genua 1893,2010
Davide Santon,Inter Mailand,2010
Gianluca Zambrotta,AC Mailand,2010
Christian Maggio,SSC Neapel,2010
Mattia Cassani,US Palermo,2010
Daniele De Rossi,AS Rom,2010
Gennaro Gattuso,AC Mailand,2010
Angelo Palombo,Sampdoria Genua,2010
Andrea Pirlo,AC Mailand,2010
Riccardo Montolivo,AC Florenz,2010
Gaetano D'Agostino,Udinese Calcio,2010
Marco Marchionni,AC Florenz,2010
Claudio Marchisio,Juventus Turin,2010
Daniele Galloppa,FC Parma,2010
Davide Biondini,Cagliari Calcio,2010
Mauro Camoranesi,Juventus Turin,2010
Andrea Cossu,Cagliari Calcio,2010
Simone Pepe,Udinese Calcio,2010
Antonio Candreva,AS Livorno,2010
Raffaele Palladino,FC Genua 1893,2010
Fabio Quagliarella,SSC Neapel,2010
Giuseppe Rossi,FC Villarreal,2010
Alberto Gilardino,AC Florenz,2010
Antonio Di Natale,Udinese Calcio,2010
Vincenzo Iaquinta,Juventus Turin,2010
Marco Borriello,AC Mailand,2010
Giampaolo Pazzini,Sampdoria Genua,2010
Júlio César,Inter Mailand,2010
Doni,AS Rom,2010
Heurelho Gomes,Tottenham Hotspur,2010
Lúcio,FC Bayern München,2010
Juan,AS Rom,2010
Luisão,Benfica Lissabon,2010
Cris,Olympique Lyon,2010
Thiago Silva,AC Mailand,2010
Gilberto Silva,Panathinaikos Athen,2010
Miranda,FC São Paulo,2010
André Santos,Corinthians Sao Paulo,2010
Dani Alves,FC Barcelona,2010
Maicon,Inter Mailand,2010
Felipe Melo,AC Florenz,2010
Josué,VfL Wolfsburg,2010
Lucas,FC Liverpool,2010
Fábio Simplício,US Palermo,2010
Ramires,Benfica Lissabon,2010
Kléberson,Flamengo Rio de Janeiro,2010
Kaká,Real Madrid,2010
Júlio Baptista,AS Rom,2010
Elano,Galatasaray Istanbul,2010
Carlos Eduardo,TSG 1899 Hoffenheim,2010
Alex,Spartak Moskau,2010
Gilberto,EC Cruzeiro Belo Horizonte,2010
Michel Bastos,OSC Lille,2010
Hulk,FC Porto,2010
Robinho,Manchester City,2010
Luís Fabiano,FC Sevilla,2010
Nilmar,SC Internacional Porto Alegre,2010
Grafite,VfL Wolfsburg,2010
Adriano,Flamengo Rio de Janeiro,2010
Diego Tardelli,Atlético Mineiro,2010
Rui Patrício,Sporting Lissabon,2010
José Moreira,Benfica Lissabon,2010
Eduardo,Sporting Braga,2010
Beto,FC Porto,2010
Daniel Fernandes,VfL Bochum,2010
Henrique Hilário,FC Chelsea,2010
Pepe,Real Madrid,2010
Ricardo Carvalho,FC Chelsea,2010
Bruno Alves,FC Porto,2010
Rolando,FC Porto,2010
Tonel,Sporting Lissabon,2010
Ricardo Costa,VfL Wolfsburg,2010
Zé Castro,Deportivo La Coruna,2010
Fábio Coentrão,Benfica Lissabon,2010
José Bosingwa,FC Chelsea,2010
Miguel,FC Valencia,2010
Paulo Ferreira,FC Chelsea,2010
Miguel Veloso,Sporting Lissabon,2010
Pedro Mendes,Glasgow Rangers,2010
João Moutinho,Sporting Lissabon,2010
Tiago,Juventus Turin,2010
Raul Meireles,FC Porto,2010
Rúben Amorim,Benfica Lissabon,2010
Eliseu,Lazio Rom,2010
Deco,FC Chelsea,2010
Duda,FC Sevilla,2010
Simão,Atlético Madrid,2010
Danny,Zenit St. Petersburg,2010
Nani,Manchester United,2010
Cristiano Ronaldo,Real Madrid,2010
Silvestre Varela,FC Porto,2010
Liédson,Sporting Lissabon,2010
Hugo Almeida,SV Werder Bremen,2010
Edinho,FC Málaga,2010
Iker Casillas,Real Madrid,2010
Pepe Reina,FC Liverpool,2010
Diego López,FC Villarreal,2010
Victor Valdés,FC Barcelona,2010
Sergio Ramos,Real Madrid,2010
Carles Puyol,FC Barcelona,2010
Gerard Piqué,FC Barcelona,2010
Carlos Marchena,FC Valencia,2010
Raúl Albiol,Real Madrid,2010
Joan Capdevila,FC Villarreal,2010
Nacho Monreal,CA Osasuna,2010
Álvaro Arbeloa,FC Liverpool,2010
Andoni Iraola,Athletic Bilbao,2010
Marcos Senna,FC Villarreal,2010
Javi Martínez,Athletic Bilbao,2010
Sergio Busquets,FC Barcelona,2010
Xavi,FC Barcelona,2010
Andrés Iniesta,FC Barcelona,2010
Xabi Alonso,FC Liverpool,2010
Albert Riera,FC Liverpool,2010
Cesc Fàbregas,FC Arsenal,2010
David Silva,FC Valencia,2010
Juan Mata,FC Valencia,2010
Santi Cazorla,FC Villarreal,2010
Jesús Navas,FC Sevilla,2010
Pablo Hernández,FC Valencia,2010
Pedro,FC Barcelona,2010
Fernando Torres,FC Liverpool,2010
David Villa,FC Valencia,2010
Daniel Güiza,Fenerbahce Istanbul,2010
Álvaro Negredo,Real Madrid,2010
Fernando Llorente,Athletic Bilbao,2010
Diego Benaglio,VfL Wolfsburg,2010
Marco Wölfli,BSC Young Boys,2010
Johnny Leoni,FC Zürich,2010
Philippe Senderos,FC Arsenal,2010
Johan Djourou,FC Arsenal,2010
Steve von Bergen,Hertha BSC,2010
Stéphane Grichting,AJ Auxerre,2010
Mario Eggimann,Hannover 96,2010
Heinz Barmettler,FC Zürich,2010
Jonathan Rossini,Sampdoria Genua,2010
Ludovic Magnin,VfB Stuttgart,2010
Reto Ziegler,Sampdoria Genua,2010
Stephan Lichtsteiner,Lazio Rom,2010
Philipp Degen,FC Liverpool,2010
Valon Behrami,West Ham United,2010
Gelson Fernandes,Manchester City,2010
Christoph Spycher,Eintracht Frankfurt,2010
Benjamin Huggel,FC Basel 1893,2010
Pirmin Schwegler,Eintracht Frankfurt,2010
Gökhan Inler,Udinese Calcio,2010
Marco Padalino,Sampdoria Genua,2010
Hakan Yakin,FC Luzern,2010
Davide Chiumiento,FC Luzern,2010
Tranquillo Barnetta,Bayer 04 Leverkusen,2010
Johan Vonlanthen,Red Bull Salzburg,2010
David Degen,BSC Young Boys,2010
Xherdan Shaqiri,FC Basel 1893,2010
Alexander Frei,FC Basel 1893,2010
Eren Derdiyok,Bayer 04 Leverkusen,2010
Blaise Nkufo,FC Twente Enschede,2010
Marco Streller,FC Basel 1893,2010
Albert Bunjaku,1.FC Nürnberg,2010
Timo Hildebrand,VfB Stuttgart,2006
Oliver Kahn,FC Bayern München,2006
Jens Lehmann,FC Arsenal,2006
Arne Friedrich,Hertha BSC,2006
Christoph Metzelder,Borussia Dortmund,2006
Per Mertesacker,Hannover 96,2006
Robert Huth,FC Chelsea,2006
Jens Nowotny,Bayer 04 Leverkusen,2006
Marcell Jansen,Borussia Mönchengladbach,2006
Philipp Lahm,FC Bayern München,2006
Patrick Owomoyela,SV Werder Bremen,2006
Fabian Ernst,FC Schalke 04,2006
Torsten Frings,SV Werder Bremen,2006
Sebastian Kehl,Borussia Dortmund,2006
Lukas Sinkiewicz,1.FC Köln,2006
Michael Ballack,FC Bayern München,2006
Bastian Schweinsteiger,FC Bayern München,2006
Tim Borowski,SV Werder Bremen,2006
Thomas Hitzlsperger,VfB Stuttgart,2006
Sebastian Deisler,FC Bayern München,2006
Bernd Schneider,Bayer 04 Leverkusen,2006
David Odonkor,Borussia Dortmund,2006
Lukas Podolski,1.FC Köln,2006
Miroslav Klose,SV Werder Bremen,2006
Kevin Kuranyi,FC Schalke 04,2006
Gerald Asamoah,FC Schalke 04,2006
Oliver Neuville,Borussia Mönchengladbach,2006
Mike Hanke,VfL Wolfsburg,2006
Artur Boruc,Legia Warschau,2006
Tomasz Kuszczak,West Bromwich Albion,2006
Lukasz Fabianski,Legia Warschau,2006
Jacek Bak,Al-Rayyan Sports Club,2006
Michal Zewlakow,RSC Anderlecht,2006
Mariusz Jop,FK Moskau,2006
Bartosz Bosacki,1.FC Nürnberg,2006
Seweryn Gancarczyk,Metalist Kharkiv,2006
Marcin Baszczynski,Wisla Krakau,2006
Mariusz Lewandowski,Shakhtar Donetsk,2006
Arkadiusz Radomski,FK Austria Wien,2006
Radoslaw Sobolewski,Wisla Krakau,2006
Dariusz Dudka,Amica Wronki,2006
Miroslaw Szymkowiak,Trabzonspor,2006
Jacek Krzynowek,Bayer 04 Leverkusen,2006
Kamil Kosowski,FC Southampton,2006
Sebastian Mila,FK Austria Wien,2006
Piotr Giza,Cracovia Krakau,2006
Maciej Zurawski,Celtic Glasgow,2006
Grzegorz Rasiak,Tottenham Hotspur,2006
Ireneusz Jelen,Wisla Plock,2006
Ebi Smolarek,Borussia Dortmund,2006
Pawel Brozek,Wisla Krakau,2006
Paul Robinson,Tottenham Hotspur,2006
Robert Green,Norwich City,2006
David James,Manchester City,2006
Scott Carson,FC Liverpool,2006
Rio Ferdinand,Manchester United,2006
John Terry,FC Chelsea,2006
Sol Campbell,FC Arsenal,2006
Ledley King,Tottenham Hotspur,2006
Jamie Carragher,FC Liverpool,2006
Matthew Upson,Birmingham City,2006
Wes Brown,Manchester United,2006
Ashley Cole,FC Arsenal,2006
Wayne Bridge,FC Chelsea,2006
Kieran Richardson,Manchester United,2006
Gary Neville,Manchester United,2006
Glen Johnson,FC Chelsea,2006
Luke Young,Charlton Athletic,2006
Owen Hargreaves,FC Bayern München,2006
Phil Neville,FC Everton,2006
Frank Lampard,FC Chelsea,2006
Steven Gerrard,FC Liverpool,2006
David Beckham,Real Madrid,2006
Jermaine Jenas,Newcastle United,2006
Michael Carrick,Tottenham Hotspur,2006
Stewart Downing,FC Middlesbrough,2006
Shaun Wright-Phillips,FC Chelsea,2006
Joe Cole,FC Chelsea,2006
Aaron Lennon,Tottenham Hotspur,2006
Theo Walcott,FC Southampton,2006
Wayne Rooney,Manchester United,2006
Michael Owen,Real Madrid,2006
Jermain Defoe,Tottenham Hotspur,2006
Darren Bent,Charlton Athletic,2006
Peter Crouch,FC Southampton,2006
Andreas Isaksson,FC Stade Rennes,2006
Rami Shaaban,Fredrikstad FK,2006
John Alvbage,Viborg FF,2006
Olof Mellberg,Aston Villa,2006
Daniel Andersson,Malmö FF,2006
Teddy Lucic,BK Häcken,2006
Petter Hansson,SC Heerenveen,2006
Karl Svensson,IFK Göteborg,2006
Erik Edman,Tottenham Hotspur,2006
Fredrik Stenman,Djurgardens IF,2006
Mikael Nilsson,Panathinaikos Athen,2006
Tobias Linderoth,FC Kopenhagen,2006
Kim Källström,FC Stade Rennes,2006
Anders Svensson,IF Elfsborg Boras,2006
Niclas Alexandersson,IFK Göteborg,2006
Fredrik Ljungberg,FC Arsenal,2006
Christian Wilhelmsson,RSC Anderlecht,2006
Zlatan Ibrahimovic,Juventus Turin,2006
Henrik Larsson,FC Barcelona,2006
Markus Rosenberg,Ajax Amsterdam,2006
Johan Elmander,Bröndby IF,2006
Marcus Allbäck,FC Kopenhagen,2006
Mattias Jonson,Djurgardens IF,2006
Justo Villar,Club Atlético Newell's Old Boys,2006
Derlis Gómez,Sportivo Luqueno,2006
Aldo Bobadilla,Club de Gimnasia y Esgrima La Plata,2006
Carlos Gamarra,SE Palmeiras São Paulo,2006
Julio Cáceres,Atlético Mineiro,2006
Paulo da Silva,Deportivo Toluca,2006
Julio Manzur,Club Guaraní,2006
Denis Caniza,CD Cruz Azul,2006
Delio Toledo,Real Saragossa ,2006
Jorge Núñez,Racing Club de Avellaneda,2006
Carlos Bonet,Club Libertad Asunción,2006
Carlos Paredes,Reggina Calcio,2006
Cristian Riveros,Tacuary Fútbol Club,2006
Édgar Barreto,NEC Nijmegen,2006
Julio dos Santos,Club Cerro Porteño,2006
Roberto Acuña,Deportivo La Coruna,2006
Diego Gavilán,SC Internacional Porto Alegre,2006
José Montiel,Olimpia Asunción,2006
Nelson Cuevas,CF Pachuca,2006
Nelson Valdez,SV Werder Bremen,2006
Roque Santa Cruz,FC Bayern München,2006
Dante López,Olimpia Asunción,2006
Salvador Cabañas,Chiapas FC,2006
Leo Franco,Atlético Madrid,2006
Óscar Ustari,CA Independiente de Avellaneda,2006
Germán Lux,Club Atlético River Plate,2006
Willy Caballero,FC Elche,2006
Roberto Carlos Abbondanzieri,Club Atlético Boca Juniors,2006
Wálter Samuel,Inter Mailand,2006
Gabriel Heinze,Manchester United,2006
Javier Mascherano,Corinthians Sao Paulo,2006
Roberto Fabián Ayala,FC Valencia,2006
Gabriel Milito,Real Saragossa ,2006
Fabricio Coloccini,Deportivo La Coruna,2006
Martín Demichelis,FC Bayern München,2006
Nicolás Burdisso,Inter Mailand,2006
Gonzalo Rodríguez,FC Villarreal,2006
Juan Pablo Sorín,FC Villarreal,2006
Diego Placente,Celta Vigo,2006
Leandro Cufré,AS Rom,2006
Javier Zanetti,Inter Mailand,2006
Lionel Scaloni,Deportivo La Coruna,2006
Esteban Cambiasso,Inter Mailand,2006
Lucas Bernardi,AS Monaco,2006
Lucho González,FC Porto,2006
Pablo Aimar,FC Valencia,2006
Juan Riquelme,FC Villarreal,2006
Maxi Rodríguez,Atlético Madrid,2006
Mario Santana,US Palermo,2006
Luciano Galletti,Atlético Madrid,2006
César Delgado,CD Cruz Azul,2006
Carlos Tévez,Corinthians Sao Paulo,2006
Javier Saviola,FC Barcelona,2006
Rodrigo Palacio,Club Atlético Boca Juniors,2006
Hernán Crespo,FC Chelsea,2006
Julio Cruz,Inter Mailand,2006
Luciano Figueroa,FC Villarreal,2006
Lionel Messi,FC Barcelona,2006
Edwin van der Sar,Manchester United,2006
Henk Timmer,AZ Alkmaar,2006
Maarten Stekelenburg,Ajax Amsterdam,2006
Khalid Boulahrouz,Hamburger SV,2006
Joris Mathijsen,AZ Alkmaar,2006
Johnny Heitinga,Ajax Amsterdam,2006
André Ooijer,PSV Eindhoven,2006
Barry Opdam,AZ Alkmaar,2006
Kew Jaliens,AZ Alkmaar,2006
Giovanni van Bronckhorst,FC Barcelona,2006
Tim de Cler,AZ Alkmaar,2006
Jan Kromkamp,FC Villarreal,2006
Mark van Bommel,FC Barcelona,2006
George Boateng,FC Middlesbrough,2006
Phillip Cocu,PSV Eindhoven,2006
Hedwiges Maduro,Ajax Amsterdam,2006
Denny Landzaat,AZ Alkmaar,2006
Wesley Sneijder,Ajax Amsterdam,2006
Rafael van der Vaart,Hamburger SV,2006
Nicky Hofs,Feyenoord Rotterdam,2006
Arjen Robben,FC Chelsea,2006
Martijn Meerdink,AZ Alkmaar,2006
Ryan Babel,Ajax Amsterdam,2006
Dirk Kuyt,Feyenoord Rotterdam,2006
Ruud van Nistelrooy,Manchester United,2006
Robin van Persie,FC Arsenal,2006
Jan Vennegoor of Hesselink,PSV Eindhoven,2006
Gérard Gnanhouan,HSC Montpellier,2006
Copa,KSK Beveren,2006
Jean-Jacques Tizie,Esperance Tunis,2006
Kolo Touré,FC Arsenal,2006
Abdoulaye Méïté,Olympique Marseille,2006
Marco Zoro,ACR Messina,2006
Cyril Domoraud,US Créteil-Lusitanos,2006
Blaise Kouassi,ES Troyes AC,2006
Arthur Boka,Racing Straßburg,2006
Siaka Tiéné,AS Saint-Étienne,2006
Emmanuel Eboué,FC Arsenal,2006
Guy Demel,Hamburger SV,2006
Didier Zokora,AS Saint-Étienne,2006
Romaric,FC Le Mans,2006
Emerse Faé,FC Nantes,2006
Gilles Yapi Yapo,FC Nantes,2006
Yaya Touré,Olympiakos Piräus,2006
Bonaventure Kalou,FC Paris Saint-Germain,2006
Kanga Akalé,AJ Auxerre,2006
Bakari Koné,OGC Nizza,2006
Abdul Kader Keita,OSC Lille,2006
Aruna Dindane,RC Lens,2006
Didier Drogba,FC Chelsea,2006
Arouna Koné,Roda JC Kerkrade,2006
Dragoslav Jevric,Ankaraspor,2006
Oliver Kovačević,Zeleznik Belgrad,2006
Vladimir Stojkovic,Roter Stern Belgrad,2006
Mladen Krstajic,FC Schalke 04,2006
Nemanja Vidić‎,Spartak Moskau,2006
Ivica Dragutinovic,Standard Lüttich,2006
Goran Gavrancic,Dynamo Kiew,2006
Dusan Petkovic,OFK Belgrad,2006
Nenad Djordjevic,FK Partizan Belgrad,2006
Milan Dudic,Roter Stern Belgrad,2006
Dusan Basta,Roter Stern Belgrad,2006
Igor Duljaj,Shakhtar Donetsk,2006
Albert Nadj,FK Partizan Belgrad,2006
Dejan Stankovic,Inter Mailand,2006
Milos Maric,Olympiakos Piräus,2006
Ivan Ergic,FC Basel 1893,2006
Zvonimir Vukic,FC Portsmouth,2006
Sasa Ilic,Galatasaray Istanbul,2006
Predrag Djordjevic,Olympiakos Piräus,2006
Ognjen Koroman,Terek Grozny,2006
Mateja Kezman,Atlético Madrid,2006
Nenad Jestrovic,RSC Anderlecht,2006
Savo Milosevic,CA Osasuna,2006
Danijel Ljuboja,FC Paris Saint-Germain,2006
Nikola Zigic,Roter Stern Belgrad,2006
Ricardo,Sporting Lissabon,2006
Quim,Benfica Lissabon,2006
Paulo Santos,Sporting Braga,2006
Ricardo Carvalho,FC Chelsea,2006
Jorge Andrade,Deportivo La Coruna,2006
Fernándo Meira,VfB Stuttgart,2006
Ricardo Costa,FC Porto,2006
Marco Caneira,FC Valencia,2006
Nuno Valente,FC Everton,2006
Jorge Ribeiro,Dinamo Moskau,2006
Paulo Ferreira,FC Chelsea,2006
Miguel,FC Valencia,2006
Frechaut,Dinamo Moskau,2006
Alex,Benfica Lissabon,2006
Costinha,Dinamo Moskau,2006
Petit,Benfica Lissabon,2006
Maniche,Dinamo Moskau,2006
Tiago,Olympique Lyon,2006
Hugo Viana,Newcastle United,2006
João Moutinho,Sporting Lissabon,2006
Luís Boa Morte,FC Fulham,2006
Deco,FC Barcelona,2006
João Alves,Sporting Lissabon,2006
Simão,Benfica Lissabon,2006
Luís Figo,Inter Mailand,2006
Cristiano Ronaldo,Manchester United,2006
Ricardo Quaresma,FC Porto,2006
Nuno Gomes,Benfica Lissabon,2006
Pauleta,FC Paris Saint-Germain,2006
Hélder Postiga,FC Porto,2006
Oswaldo Sánchez,Deportivo Guadalajara,2006
Guillermo Ochoa,CF América,2006
José de Jesús Corona,Estudiantes Tecos,2006
Rafael Márquez,FC Barcelona,2006
Joel Huiqui,CD Cruz Azul,2006
Claudio Suárez,Tigres UANL,2006
Maza,Deportivo Guadalajara,2006
Andrés Guardado,Atlas Guadalajara,2006
Ricardo Osorio,CD Cruz Azul,2006
Diego Martínez,Club Necaxa,2006
José Antonio Castro,CF América,2006
Gerardo Torrado,CD Cruz Azul,2006
Pável Pardo,CF América,2006
Carlos Salcido,Deportivo Guadalajara,2006
Rafael García,Atlas Guadalajara,2006
Luis Ernesto Pérez,CF Monterrey,2006
Gonzalo Pineda,UNAM Pumas,2006
Juan Pablo Rodríguez,Estudiantes Tecos,2006
Israel López,Deportivo Toluca,2006
Mario Méndez,Deportivo Toluca,2006
Jaime Lozano,Tigres UANL,2006
Sinha,Deportivo Toluca,2006
Ramón Morales,Deportivo Guadalajara,2006
Jesús Arellano,CF Monterrey,2006
Daniel Osorno,Atlas Guadalajara,2006
Francisco Fonseca,CD Cruz Azul,2006
Jared Borgetti,Bolton Wanderers,2006
Omar Bravo,Deportivo Guadalajara,2006
Guillermo Franco,CF Monterrey,2006
Gianluigi Buffon,Juventus Turin,2006
Christian Abbiati,AC Mailand,2006
Marco Amelia,AS Livorno,2006
Angelo Peruzzi,Lazio Rom,2006
Alessandro Nesta,AC Mailand,2006
Fabio Cannavaro,Juventus Turin,2006
Cristian Zaccardo,US Palermo,2006
Andrea Barzagli,US Palermo,2006
Marco Materazzi,Inter Mailand,2006
Fabio Grosso,US Palermo,2006
Gianluca Zambrotta,Juventus Turin,2006
Massimo Oddo,Lazio Rom,2006
Aimo Diana,Sampdoria Genua,2006
Gennaro Gattuso,AC Mailand,2006
Daniele De Rossi,AS Rom,2006
Simone Barone,US Palermo,2006
Andrea Pirlo,AC Mailand,2006
Mauro Camoranesi,Juventus Turin,2006
Simone Perrotta,AS Rom,2006
Francesco Totti,AS Rom,2006
Alessandro Del Piero,Juventus Turin,2006
Alberto Gilardino,AC Mailand,2006
Luca Toni,AC Florenz,2006
Filippo Inzaghi,AC Mailand,2006
Vincenzo Iaquinta,Udinese Calcio,2006
Petr Cech,FC Chelsea,2006
Jaromír Blazek,AC Sparta Prag,2006
Antonín Kinský,Saturn Ramenskoe,2006
Tomás Ujfalusi,AC Florenz,2006
Radoslav Kovac,Spartak Moskau,2006
Martin Jiranek,Spartak Moskau,2006
David Rozehnal,FC Paris Saint-Germain,2006
Marek Jankulovski,AC Mailand,2006
Pavel Mares,Zenit St. Petersburg,2006
Zdenek Grygera,Ajax Amsterdam,2006
David Jarolím,Hamburger SV,2006
Jan Polak,1.FC Nürnberg,2006
Tomás Galásek,Ajax Amsterdam,2006
Jaroslav Plasil,AS Monaco,2006
Karel Poborsky,AC Sparta Prag,2006
Pavel Nedved,Juventus Turin,2006
Tomás Rosicky,Borussia Dortmund,2006
Lukas Zelenka,AC Sparta Prag,2006
Stepan Vachousek,FK Austria Wien,2006
Libor Sionko,FK Austria Wien,2006
Karel Pitak,SK Slavia Prag,2006
Tomas Jun,Trabzonspor,2006
Jiri Stajner,Hannover 96,2006
Milan Baros,FC Liverpool,2006
Jan Koller,Borussia Dortmund,2006
Vratislav Lokvenc,Red Bull Salzburg,2006
Marek Heinz,Borussia Mönchengladbach,2006
Tim Howard,Manchester United,2006
Kasey Keller,Borussia Mönchengladbach,2006
Marcus Hahnemann,FC Reading,2006
Carlos Bocanegra,FC Fulham,2006
Oguchi Onyewu,Standard Lüttich,2006
Gregg Berhalter,FC Energie Cottbus,2006
Jimmy Conrad,Sporting Kansas City,2006
Steven Cherundolo,Hannover 96,2006
Eddie Pope,Real Salt Lake City,2006
Chris Albright,Los Angeles Galaxy,2006
Pablo Mastroeni,Colorado Rapids,2006
Claudio Reyna,Manchester City,2006
Ben Olsen,D.C. United,2006
John O'Brien,ADO Den Haag,2006
Eddie Lewis,Leeds United,2006
Bobby Convey,FC Reading,2006
DaMarcus Beasley,PSV Eindhoven,2006
Landon Donovan,Los Angeles Galaxy,2006
Clint Dempsey,New England Revolution,2006
Brian McBride,FC Fulham,2006
Josh Wolff,Sporting Kansas City,2006
Brian Ching,San Jose Earthquakes,2006
Eddie Johnson,FC Dallas,2006
Dida,AC Mailand,2006
Júlio César,Inter Mailand,2006
Rogério Ceni,FC São Paulo,2006
Lúcio,FC Bayern München,2006
Juan,Bayer 04 Leverkusen,2006
Luisão,Benfica Lissabon,2006
Gilberto Silva,FC Arsenal,2006
Cris,Olympique Lyon,2006
Roberto Carlos,Real Madrid,2006
Cafú,AC Mailand,2006
Cicinho,FC São Paulo,2006
Émerson,Juventus Turin,2006
Mineiro,FC São Paulo,2006
Ronaldinho Gaúcho,FC Barcelona,2006
Kaká,AC Mailand,2006
Zé Roberto,FC Bayern München,2006
Juninho Pernambucano,Olympique Lyon,2006
Gilberto,Hertha BSC,2006
Ricardinho,FC Santos,2006
Robinho,FC Santos,2006
Ronaldo,Real Madrid,2006
Adriano,Inter Mailand,2006
Fred,EC Cruzeiro Belo Horizonte,2006
Mark Schwarzer,FC Middlesbrough,2006
Zeljko Kalac,AC Mailand,2006
Ante Covic,Hammarby IF,2006
Lucas Neill,Blackburn Rovers,2006
Craig Moore,Newcastle United,2006
Anthony Popovic,Crystal Palace,2006
Michael Beauchamp,Central Coast Mariners,2006
Luke Wilkshire,Bristol City,2006
Mark Milligan,Sydney FC,2006
Mark Bresciano,FC Parma,2006
Josip Skoko,Wigan Athletic,2006
Vince Grella,FC Parma,2006
Jason Culina,FC Twente Enschede,2006
Brett Emerton,Blackburn Rovers,2006
Scott Chipperfield,FC Basel 1893,2006
Stan Lazaridis,Birmingham City,2006
Mile Sterjovski,FC Basel 1893,2006
Tim Cahill,FC Everton,2006
Harry Kewell,FC Liverpool,2006
Mark Viduka,FC Middlesbrough,2006
John Aloisi,Deportivo Alavés,2006
Archie Thompson,Melbourne Victory,2006
Joshua Kennedy,Dynamo Dresden,2006
Joey Didulica,FK Austria Wien,2006
Stipe Pletikosa,HNK Hajduk Split,2006
Tomislav Butina,FC Brügge,2006
Robert Kovac,Juventus Turin,2006
Josip Simunic,Hertha BSC,2006
Stjepan Tomas,Galatasaray Istanbul,2006
Igor Tudor,Juventus Turin,2006
Mario Tokic,FK Austria Wien,2006
Dario Simic,AC Mailand,2006
Anthony Seric,Panathinaikos Athen,2006
Jerko Leko,Dynamo Kiew,2006
Darijo Srna,Shakhtar Donetsk,2006
Niko Kovac,Hertha BSC,2006
Marko Babic,Bayer 04 Leverkusen,2006
Jurica Vranjes,SV Werder Bremen,2006
Luka Modric,GNK Dinamo Zagreb,2006
Niko Kranjcar,HNK Hajduk Split,2006
Ivan Leko,FC Brügge,2006
Ivan Bosnjak,GNK Dinamo Zagreb,2006
Dado Prso,Glasgow Rangers,2006
Ivan Klasnic,SV Werder Bremen,2006
Bosko Balaban,FC Brügge,2006
Ivica Olic,ZSKA Moskau,2006
Yoshikatsu Kawaguchi,Jubilo Iwata,2006
Seigo Narazaki,Nagoya Grampus,2006
Yoichi Doi,FC Tokyo,2006
Tsuneyasu Miyamoto,Gamba Osaka,2006
Keisuke Tsuboi,Urawa Red Diamonds,2006
Makoto Tanaka,Jubilo Iwata,2006
Takayuki Chano,Jubilo Iwata,2006
Teruyuki Moniwa,FC Tokyo,2006
Yuji Nakazawa,Yokohama F. Marinos,2006
Yasuyuki Konno,FC Tokyo,2006
Akira Kaji,FC Tokyo,2006
Yuichi Komano,Sanfrecce Hiroshima,2006
Alessandro Santos,Urawa Red Diamonds,2006
Takashi Fukunishi,Jubilo Iwata,2006
Yuki Abe,JEF United Chiba,2006
Yasuhito Endo,Gamba Osaka,2006
Mitsuo Ogasawara,Kashima Antlers,2006
Shinji Murai,Jubilo Iwata,2006
Masashi Motoyama,Kashima Antlers,2006
Keiji Tamada,Kashiwa Reysol,2006
Tatsuya Tanaka,Urawa Red Diamonds,2006
Masashi Oguro,Gamba Osaka,2006
Seiichiro Maki,JEF United Chiba,2006
Pascal Zuberbühler,FC Basel 1893,2006
Fabio Coltorti,Grasshopper Club Zürich,2006
Diego Benaglio,CD Nacional,2006
Patrick Müller,FC Basel 1893,2006
Stéphane Grichting,AJ Auxerre,2006
Philippe Senderos,FC Arsenal,2006
Johan Djourou,FC Arsenal,2006
Ludovic Magnin,VfB Stuttgart,2006
Philipp Degen,Borussia Dortmund,2006
Johann Vogel,AC Mailand,2006
Christoph Spycher,Eintracht Frankfurt,2006
Valon Behrami,FC Genua 1893,2006
Ricardo Cabanas,Grasshopper Club Zürich,2006
Blerim Dzemaili,FC Zürich,2006
Raphael Wicky,Hamburger SV,2006
Hakan Yakin,BSC Young Boys,2006
Xavier Margairaz,FC Zürich,2006
Tranquillo Barnetta,Bayer 04 Leverkusen,2006
David Degen,FC Basel 1893,2006
Alexander Frei,FC Stade Rennes,2006
Marco Streller,VfB Stuttgart,2006
Daniel Gygax,OSC Lille,2006
Mauro Lustrinelli,FC Thun,2006
Grégory Coupet,Olympique Lyon,2006
Mickaël Landreau,FC Nantes,2006
Fabien Barthez,Olympique Marseille,2006
Jean-Alain Boumsong,Newcastle United,2006
William Gallas,FC Chelsea,2006
Éric Abidal,Olympique Lyon,2006
Mikaël Silvestre,Manchester United,2006
Gaël Givet,AS Monaco,2006
Willy Sagnol,FC Bayern München,2006
Lilian Thuram,Juventus Turin,2006
Pascal Chimbonda,Wigan Athletic,2006
Patrick Vieira,Juventus Turin,2006
Claude Makélélé,FC Chelsea,2006
Alou Diarra,RC Lens,2006
Vikash Dhorasoo,FC Paris Saint-Germain,2006
Zinédine Zidane,Real Madrid,2006
Florent Malouda,Olympique Lyon,2006
Franck Ribéry,Olympique Marseille,2006
Sidney Govou,Olympique Lyon,2006
Sylvain Wiltord,Olympique Lyon,2006
Thierry Henry,FC Arsenal,2006
David Trézéguet,Juventus Turin,2006
Djibril Cissé,FC Liverpool,2006
Louis Saha,Manchester United,2006
Iker Casillas,Real Madrid,2006
Santiago Cañizares,FC Valencia,2006
Pepe Reina,FC Villarreal,2006
Carles Puyol,FC Barcelona,2006
Carlos Marchena,FC Valencia,2006
Pablo Ibáñez,Atlético Madrid,2006
Sergio Ramos,FC Sevilla,2006
Asier del Horno,FC Chelsea,2006
Antonio López,Atlético Madrid,2006
Mariano Pernía,FC Getafe,2006
Míchel Salgado,Real Madrid,2006
David Albelda,FC Valencia,2006
Marcos Senna,FC Villarreal,2006
Juanito,Deportivo Alavés,2006
Xavi,FC Barcelona,2006
Xabi Alonso,FC Liverpool,2006
Andrés Iniesta,FC Barcelona,2006
Sergio,Deportivo La Coruna,2006
Cesc Fàbregas,FC Arsenal,2006
Joaquín,Real Betis Sevilla,2006
Luis García,FC Liverpool,2006
José Antonio Reyes,FC Arsenal,2006
Albert Luque,Newcastle United,2006
Raúl,Real Madrid,2006
Fernando Torres,Atlético Madrid,2006
Fernando Morientes,FC Liverpool,2006
David Villa,FC Valencia,2006
Oleksandr Shovkovsky,Dynamo Kiew,2006
Vitali Reva,Tavriya Simferopol,2006
Maksym Startsev,Kryvbas Kryvyi Rig,2006
Andriy Pyatov,Vorskla Poltava,2006
Bogdan Shust,Karpaty Lviv,2006
Oleksandr Radchenko,Dnipro Dnipropetrovsk,2006
Sergiy Fedorov,Dynamo Kiew,2006
Oleksandr Yatsenko,FK Kharkiv,2006
Vladyslav Vashchuk,Dynamo Kiew,2006
Volodymyr Yezersky,Dnipro Dnipropetrovsk,2006
Sergiy Matyukhin,Dnipro Dnipropetrovsk,2006
Vyacheslav Checher,Metalurg Donetsk,2006
Andriy Rusol,Dnipro Dnipropetrovsk,2006
Dmytro Chygrynskiy,Metalurg Zaporizhya,2006
Andriy Nesmachny,Dynamo Kiew,2006
Vyacheslav Shevchuk,Shakhtar Donetsk,2006
Yuri Dmytrulin,Dynamo Kiew,2006
Mykhaylo Starostyak,Shinnik Yaroslavl,2006
Vyacheslav Svidersky,Saturn Ramenskoe,2006
Anatoliy Tymoshchuk,Shakhtar Donetsk,2006
Andriy Gusin,Dynamo Kiew,2006
Ruslan Bidnenko,Dnipro Dnipropetrovsk,2006
Oleg Shelayev,Dnipro Dnipropetrovsk,2006
Jurij Maximov,Metalurg Zaporizhya,2006
Ruslan Rotan,Dynamo Kiew,2006
Sergiy Nazarenko,Dnipro Dnipropetrovsk,2006
Sergiy Zakarlyuka,Ilyichivets Mariupol,2006
Maksym Kalinichenko,Spartak Moskau,2006
Oleksandr Rykun,Dnipro Dnipropetrovsk,2006
Oleg Gusev,Dynamo Kiew,2006
Sergiy Shyshchenko,Metalurg Donetsk,2006
Andriy Voronin,Bayer 04 Leverkusen,2006
Sergiy Rebrov,Dynamo Kiew,2006
Andriy Shevchenko,AC Mailand,2006
Andriy Vorobey,Shakhtar Donetsk,2006
Oleg Venglynsky,AEK Athen,2006
Artem Milevsky,Dynamo Kiew,2006
Oleksiy Belik,Shakhtar Donetsk,2006
Thomas Sörensen,AFC Sunderland,2002
Peter Kjaer,Besiktas Istanbul,2002
Jesper Christiansen,Glasgow Rangers,2002
René Henriksen,Panathinaikos Athen,2002
Martin Laursen,FC Parma,2002
Niclas Jensen,FC Kopenhagen,2002
Steven Lustü,Akademisk Boldklub,2002
Thomas Helveg,AC Mailand,2002
Kasper Bögelund,PSV Eindhoven,2002
Stig Töfting,Hamburger SV,2002
Thomas Gravesen,FC Everton,2002
Christian Poulsen,FC Kopenhagen,2002
Brian Steen Nielsen,Malmö FF,2002
Martin Jörgensen,Udinese Calcio,2002
Jan Michaelsen,Panathinaikos Athen,2002
Jan Heintze,PSV Eindhoven,2002
Claus Jensen,Charlton Athletic,2002
Jesper Grönkjaer,FC Chelsea,2002
Dennis Rommedahl,PSV Eindhoven,2002
Jon Dahl Tomasson,Feyenoord Rotterdam,2002
Peter Madsen,Bröndby IF,2002
Ebbe Sand,FC Schalke 04,2002
Peter Lövenkrands,Glasgow Rangers,2002
Fabián Carini,Juventus Turin,2002
Gustavo Munúa,Nacional Montevideo,2002
Federico Elduayén,CA Peñarol Montevideo,2002
Alejandro Lembo,Nacional Montevideo,2002
Paolo Montero,Juventus Turin,2002
Gonzalo Sorondo,Inter Mailand,2002
Joe Bizera,CA Peñarol Montevideo,2002
Darío Rodríguez,CA Peñarol Montevideo,2002
Gustavo Méndez,FC Turin,2002
Pablo García,FBC Unione Venezia,2002
Gianni Guigou,AS Rom,2002
Gonzalo de los Santos,FC Valencia,2002
Marcelo Romero,FC Málaga,2002
Gustavo Varela,Nacional Montevideo,2002
Fabián O'Neill,Juventus Turin,2002
Mario Regueiro,Racing Santander,2002
Andrés Nicolás Olivera,FC Sevilla,2002
Álvaro Recoba,Inter Mailand,2002
Diego Forlán,CA Independiente de Avellaneda,2002
Darío Silva,FC Málaga,2002
Federico Magallanes,FBC Unione Venezia,2002
Sebastián Abreu,CD Cruz Azul,2002
Richard Morales,Nacional Montevideo,2002
Ulrich Ramé,FC Girondins Bordeaux,2002
Fabien Barthez,Manchester United,2002
Grégory Coupet,Olympique Lyon,2002
Philippe Christanval,FC Barcelona,2002
Marcel Desailly,FC Chelsea,2002
Mikaël Silvestre,Manchester United,2002
Frank Leboeuf,Olympique Marseille,2002
Vincent Candela,AS Rom,2002
Bixente Lizarazu,FC Bayern München,2002
Lilian Thuram,Juventus Turin,2002
Willy Sagnol,FC Bayern München,2002
Patrick Vieira,FC Arsenal,2002
Claude Makélélé,Real Madrid,2002
Alain Boghossian,FC Parma,2002
Emmanuel Petit,FC Chelsea,2002
Youri Djorkaeff,1.FC Kaiserslautern,2002
Zinédine Zidane,Juventus Turin,2002
Johan Micoud,FC Parma,2002
Sylvain Wiltord,FC Arsenal,2002
Djibril Cissé,AJ Auxerre,2002
Thierry Henry,FC Arsenal,2002
David Trézéguet,Juventus Turin,2002
Christophe Dugarry,FC Girondins Bordeaux,2002
Iker Casillas,Real Madrid,2002
Ricardo,Real Valladolid,2002
Pedro Contreras,FC Málaga,2002
Fernando Hierro,Real Madrid,2002
Iván Helguera,Real Madrid,2002
Carles Puyol,FC Barcelona,2002
Miguel Ángel Nadal,RCD Mallorca,2002
Juanfran,Celta Vigo,2002
Enrique Romero,Deportivo La Coruna,2002
Curro Torres,FC Valencia,2002
David Albelda,FC Valencia,2002
Rubén Baraja,FC Valencia,2002
Sergio,Deportivo La Coruna,2002
Xavi,FC Barcelona,2002
Gaizka Mendieta,Lazio Rom,2002
Javi de Pedro,Real Sociedad San Sebastián,2002
Juan Carlos Valerón,Deportivo La Coruna,2002
Luis Enrique,FC Barcelona,2002
Joaquín,Real Betis Sevilla,2002
Albert Luque,RCD Mallorca,2002
Raúl,Real Madrid,2002
Fernando Morientes,Real Madrid,2002
Diego Tristán,Deportivo La Coruna,2002
José Luis Chilavert,CA Peñarol Montevideo,2002
Justo Villar,Club Libertad Asunción,2002
Ricardo Tavarelli,Olimpia Asunción,2002
Daniel Sanabria,Club Libertad Asunción,2002
Pedro Sarabia,Club Atlético River Plate,2002
Carlos Gamarra,AEK Athen,2002
Celso Ayala,Club Atlético River Plate,2002
Julio Cáceres,Olimpia Asunción,2002
Denis Caniza,Santos Laguna,2002
Francisco Arce,SE Palmeiras São Paulo,2002
Carlos Bonet,Atlético de Rafaela,2002
Estanislao Struway,Club Cerro Porteño,2002
Richard Báez,Olimpia Asunción,2002
Juan Carlos Franco,Olimpia Asunción,2002
Carlos Paredes,FC Porto,2002
Roberto Acuña,Real Saragossa ,2002
Gustavo Morínigo,Club Libertad Asunción,2002
Guido Alvarenga,Club Cerro Porteño,2002
Jorge Luis Campos,Club Cerro Porteño,2002
Diego Gavilán,Newcastle United,2002
Nelson Cuevas,Club Atlético River Plate,2002
Roque Santa Cruz,FC Bayern München,2002
José Cardozo,Deportivo Toluca,2002
Dejan Nemec,FC Brügge,2002
Mladen Dabanovic,KSC Lokeren,2002
Marko Simeunovic,NK Maribor,2002
Marinko Galic,NK Rudar Velenje,2002
Darko Milanic,Karriereende,2002
Zeljko Milinovic,JEF United Chiba,2002
Spasoje Bulajic,1.FC Köln,2002
Aleksander Knavs,1.FC Kaiserslautern,2002
Muamer Vugdalic,Shakhtar Donetsk,2002
Bekim Kapic,FC Luka Koper,2002
Amir Karic,Ipswich Town,2002
Rajko Tavcar,1.FC Nürnberg,2002
Ales Ceh,Grazer AK 1902,2002
Anton Zlogar,NK Olimpija Ljubljana,2002
Goran Sankovic,SK Slavia Prag,2002
Zoran Pavlovic,FK Austria Wien,2002
Dzoni Novak,SpVgg Unterhaching,2002
Milenko Acimovic,Roter Stern Belgrad,2002
Sasa Gajser,KAA Gent,2002
Nastja Ceh,FC Brügge,2002
Miran Pavlin,FC Porto,2002
Zlatko Zahovic,Benfica Lissabon,2002
Mladen Rudonja,FC Portsmouth,2002
Ermin Rakovic,NK Maribor,2002
Senad Tiganj,NK Olimpija Ljubljana,2002
Sebastjan Cimirotic,NK Olimpija Ljubljana,2002
Milan Osterc,Hapoel Tel Aviv,2002
Ermin Siljak,Hammarby IF,2002
Saso Udovic,FC Lausanne-Sport,2002
Marcos,SE Palmeiras São Paulo,2002
Dida,AC Mailand,2002
Rogério Ceni,FC São Paulo,2002
Lúcio,Bayer 04 Leverkusen,2002
Roque Junior,AC Mailand,2002
Edmílson,Olympique Lyon,2002
Gilberto Silva,Atlético Mineiro,2002
Polga,Grêmio Porto Alegre,2002
Roberto Carlos,Real Madrid,2002
Júnior,FC Parma,2002
Cafú,AS Rom,2002
Émerson,AS Rom,2002
Vampeta,Flamengo Rio de Janeiro,2002
Belletti,FC São Paulo,2002
Kléberson,Clube Atlético Paranaense,2002
Ricardinho,Corinthians Sao Paulo,2002
Rivaldo,FC Barcelona,2002
Ronaldinho Gaúcho,FC Paris Saint-Germain,2002
Juninho Paulista,Vasco da Gama Rio de Janeiro,2002
Kaká,FC São Paulo,2002
Edílson,Flamengo Rio de Janeiro,2002
Denílson,Real Betis Sevilla,2002
França,FC São Paulo,2002
Ronaldo,Inter Mailand,2002
Luizão,Grêmio Porto Alegre,2002
Vítor Baía,FC Porto,2002
Nélson,Sporting Lissabon,2002
Ricardo,Boavista Porto FC,2002
Quim,Sporting Braga,2002
Jorge Silva,CD Santa Clara,2002
Pedro Espinha,FC Porto,2002
Jorge Costa,Charlton Athletic,2002
Abel Xavier,FC Everton,2002
Marco Caneira,Benfica Lissabon,2002
Jorge Andrade,FC Porto,2002
Beto,Sporting Lissabon,2002
Litos,FC Málaga,2002
Fernándo Meira,Benfica Lissabon,2002
Hélder Cristóvão,Deportivo La Coruna,2002
Fernando Couto,Lazio Rom,2002
Mário Silva,FC Porto,2002
Dimas,Sporting Lissabon,2002
Rui Jorge,Sporting Lissabon,2002
Frechaut,Boavista Porto FC,2002
Secretário,FC Porto,2002
Cabral,Benfica Lissabon,2002
Nélson,FC Porto,2002
Paulo Bento,Sporting Lissabon,2002
Petit,Boavista Porto FC,2002
Bino,CD Teneriffa,2002
Costinha,FC Porto,2002
Vidigal,SSC Neapel,2002
Paulo Sousa,Panathinaikos Athen,2002
Delfim,Olympique Marseille,2002
Luís Boa Morte,FC Fulham,2002
Pedro Barbosa,Sporting Lissabon,2002
Rui Costa,AC Mailand,2002
Simão,Benfica Lissabon,2002
Sérgio Conceicao,Inter Mailand,2002
Luís Figo,Real Madrid,2002
Capucho,FC Porto,2002
João Pinto,Sporting Lissabon,2002
Ricardo Sá Pinto,Sporting Lissabon,2002
João Tomás,Benfica Lissabon,2002
Pauleta,FC Girondins Bordeaux,2002
Nuno Gomes,AC Florenz,2002
Frank Rost,SV Werder Bremen,2002
Oliver Kahn,FC Bayern München,2002
Jens Lehmann,Borussia Dortmund,2002
Hans Jörg Butt,Bayer 04 Leverkusen,2002
Christian Rahn,FC St. Pauli,2002
Jens Nowotny,Bayer 04 Leverkusen,2002
Christian Wörns,Borussia Dortmund,2002
Thomas Linke,FC Bayern München,2002
Christoph Metzelder,Borussia Dortmund,2002
Paul Freier,VfL Bochum,2002
Marko Rehmer,Hertha BSC,2002
Fabian Ernst,SV Werder Bremen,2002
Frank Baumann,SV Werder Bremen,2002
Carsten Ramelow,Bayer 04 Leverkusen,2002
Dietmar Hamann,FC Liverpool,2002
Sebastian Kehl,SC Freiburg,2002
Jens Jeremies,FC Bayern München,2002
Torsten Frings,SV Werder Bremen,2002
Michael Ballack,Bayer 04 Leverkusen,2002
Sebastian Deisler,Hertha BSC,2002
Daniel Bierofka,TSV 1860 München,2002
Bernd Schneider,Bayer 04 Leverkusen,2002
Jörg Heinrich,Borussia Dortmund,2002
Christian Ziege,Tottenham Hotspur,2002
Mehmet Scholl,FC Bayern München,2002
Dariusz Wosz,VfL Bochum,2002
Lars Ricken,Borussia Dortmund,2002
Jörg Böhme,FC Schalke 04,2002
Marco Bode,SV Werder Bremen,2002
Alexander Zickler,FC Bayern München,2002
Paulo Rink,Bayer 04 Leverkusen,2002
Martin Max,TSV 1860 München,2002
Thomas Brdaric,Bayer 04 Leverkusen,2002
Oliver Neuville,Bayer 04 Leverkusen,2002
Carsten Jancker,FC Bayern München,2002
Miroslav Klose,1.FC Kaiserslautern,2002
Gerald Asamoah,FC Schalke 04,2002
Oliver Bierhoff,AS Monaco,2002
Shay Given,Newcastle United,2002
Dean Kiely,Charlton Athletic,2002
Alan Kelly,Birmingham City,2002
Kenny Cunningham,Milton Keynes Dons,2002
Gary Breen,Coventry City,2002
Richard Dunne,FC Everton,2002
Andrew O'Brien,Newcastle United,2002
John O'Shea,Manchester United,2002
Gary Doherty,Tottenham Hotspur,2002
Ian Harte,Leeds United,2002
Steve Staunton,Aston Villa,2002
Mark Kennedy,Wolverhampton Wanderers,2002
Steve Finnan,FC Fulham,2002
Gary Kelly,Leeds United,2002
Steven Reid,FC Millwall,2002
Roy Keane,Manchester United,2002
Mark Kinsella,Charlton Athletic,2002
Lee Carsley,Coventry City,2002
Matt Holland,Ipswich Town,2002
Jason McAteer,AFC Sunderland,2002
Damien Duff,Blackburn Rovers,2002
Kevin Kilbane,AFC Sunderland,2002
Stephen McPhail,Leeds United,2002
Robbie Keane,Leeds United,2002
David Connolly,Milton Keynes Dons,2002
Niall Quinn,AFC Sunderland,2002
Clinton Morrison,Crystal Palace,2002
Jacques Songo'o,FC Metz,2002
Carlos Kameni,AC Le Havre,2002
Alioum Boukar,Samsunspor,2002
Pierre Njanka,Racing Straßburg,2002
Rigobert Song,West Ham United,2002
Lucién Mettomo,AS Saint-Étienne,2002
Raymond Kalla,CF Extremadura,2002
Bill Tchato,HSC Montpellier,2002
Pierre Womé,FC Bologna,2002
Laurén,FC Arsenal,2002
Eric Djemba-Djemba,FC Nantes,2002
Nicolas Alnoudji,Caykur Rizespor,2002
Marc-Vivien Foé †,Olympique Lyon,2002
Njitap Geremi,Real Madrid,2002
René-Salomon Olembé,Olympique Marseille,2002
Joseph Cyrille Ndo,Neuchâtel Xamax,2002
Daniel Komé,CD Numancia ,2002
Joël Epalle,Panachaiki Patra,2002
Joseph-Désiré Job,FC Middlesbrough,2002
Patrick Suffo,AFC Sunderland,2002
Samuel Eto'o,RCD Mallorca,2002
Francis Kioyo,SpVgg Greuther Fürth,2002
Patrick M'Boma,FC Parma,2002
Pius N'Diefi,CS Sedan-Ardennes,2002
Magnus Hedman,Coventry City,2002
Magnus Kihlstedt,FC Kopenhagen,2002
Andreas Isaksson,Djurgardens IF,2002
Tomas Gustafsson Antonelius,Coventry City,2002
Olof Mellberg,Racing Santander,2002
Patrik Andersson,FC Barcelona,2002
Johan Mjällby,Celtic Glasgow,2002
Michael Svensson,ES Troyes AC,2002
Andreas Jakobsson,FC Hansa Rostock,2002
Teddy Lucic,AIK Stockholm,2002
Daniel Andersson,FBC Unione Venezia,2002
Erik Edman,SC Heerenveen,2002
Tobias Linderoth,Stabaek IF,2002
Magnus Svensson,Bröndby IF,2002
Anders Svensson,FC Southampton,2002
Pontus Farnerud,AS Monaco,2002
Niclas Alexandersson,FC Everton,2002
Fredrik Ljungberg,FC Arsenal,2002
Marcus Allbäck,SC Heerenveen,2002
Henrik Larsson,Celtic Glasgow,2002
Mattias Jonson,Bröndby IF,2002
Zlatan Ibrahimovic,Ajax Amsterdam,2002
Andreas Andersson,AIK Stockholm,2002
David Seaman,FC Arsenal,2002
Nigel Martyn,Leeds United,2002
David James,West Ham United,2002
Tony Adams,FC Arsenal,2002
Jamie Carragher,FC Liverpool,2002
Rio Ferdinand,Leeds United,2002
Sol Campbell,FC Arsenal,2002
Wes Brown,Manchester United,2002
Martin Keown,FC Arsenal,2002
Gareth Southgate,FC Middlesbrough,2002
Graeme Le Saux,FC Chelsea,2002
Ashley Cole,FC Arsenal,2002
Wayne Bridge,FC Southampton,2002
Gary Neville,Manchester United,2002
Danny Mills,Leeds United,2002
Owen Hargreaves,FC Bayern München,2002
Ray Parlour,FC Arsenal,2002
Steven Gerrard,FC Liverpool,2002
David Beckham,Manchester United,2002
Paul Scholes,Manchester United,2002
Nicky Butt,Manchester United,2002
Trevor Sinclair,West Ham United,2002
Kieron Dyer,Newcastle United,2002
Joe Cole,West Ham United,2002
Robbie Fowler,FC Liverpool,2002
Michael Owen,FC Liverpool,2002
Emile Heskey,FC Liverpool,2002
Teddy Sheringham,Tottenham Hotspur,2002
Darius Vassell,Aston Villa,2002
Germán Burgos,Atlético Madrid,2002
Pablo Cavallero,Celta Vigo,2002
Roberto Bonano,FC Barcelona,2002
Facundo Quiroga,Sporting Lissabon,2002
Roberto Fabián Ayala,FC Valencia,2002
Mauricio Pochettino,FC Paris Saint-Germain,2002
Wálter Samuel,AS Rom,2002
José Antonio Chamot,AC Mailand,2002
Juan Pablo Sorín,EC Cruzeiro Belo Horizonte,2002
Diego Placente,Bayer 04 Leverkusen,2002
Javier Zanetti,Inter Mailand,2002
Matías Almeyda,FC Parma,2002
Claudio Husaín,SSC Neapel,2002
Juan Sebastián Verón,Manchester United,2002
Diego Simeone,Lazio Rom,2002
Santiago Solari,Real Madrid,2002
Gustavo López,Celta Vigo,2002
Ariel Ortega,Club Atlético River Plate,2002
Pablo Aimar,FC Valencia,2002
Marcelo Gallardo,AS Monaco,2002
Kily González,FC Valencia,2002
Claudio Caniggia,Glasgow Rangers,2002
Javier Saviola,Club Atlético River Plate,2002
Claudio López,Lazio Rom,2002
Gabriel Batistuta,AS Rom,2002
Hernán Crespo,Lazio Rom,2002
Óscar Pérez,CD Cruz Azul,2002
Oswaldo Sánchez,Deportivo Guadalajara,2002
Jorge Campos,CF Atlante,2002
Manuel Vidrio,CF Pachuca,2002
Alberto Rodríguez,CF Pachuca,2002
José Francisco Gabriel,CF Pachuca,2002
Rafael Márquez,AS Monaco,2002
Salvador Carmona,CF Atlante,2002
Melvin Brown,CD Cruz Azul,2002
Alberto García Aspe,Puebla FC,2002
Sigifredo Mercado,Club León FC,2002
Johan Rodríguez,Santos Laguna,2002
Rafael García,Deportivo Toluca,2002
Gerardo Torrado,Club Polideportivo Ejido,2002
Germán Villa,CF América,2002
Braulio Luna,Club Necaxa,2002
Gabriel Caballero,CF Pachuca,2002
Ramón Morales,Deportivo Guadalajara,2002
Jesús Arellano,CF Monterrey,2002
Cuauhtémoc Blanco,Real Valladolid,2002
Jared Borgetti,Santos Laguna,2002
Luis Hernández,Los Angeles Galaxy,2002
Francisco Palencia,Espanyol Barcelona,2002
Gianluigi Buffon,Juventus Turin,2002
Christian Abbiati,AC Mailand,2002
Francesco Toldo,Inter Mailand,2002
Paolo Maldini,AC Mailand,2002
Fabio Cannavaro,FC Parma,2002
Alessandro Nesta,Lazio Rom,2002
Mark Iuliano,Juventus Turin,2002
Marco Materazzi,Inter Mailand,2002
Francesco Coco,AC Mailand,2002
Christian Panucci,AS Rom,2002
Gianluca Zambrotta,Juventus Turin,2002
Cristiano Zanetti,Inter Mailand,2002
Gennaro Gattuso,AC Mailand,2002
Luigi Di Biagio,Inter Mailand,2002
Damiano Tommasi,AS Rom,2002
Angelo Di Livio,AC Florenz,2002
Cristiano Doni,Atalanta Bergamo,2002
Alessandro Del Piero,Juventus Turin,2002
Francesco Totti,AS Rom,2002
Filippo Inzaghi,AC Mailand,2002
Marco Delvecchio,AS Rom,2002
Vincenzo Montella,AS Rom,2002
Christian Vieri,Inter Mailand,2002
Marco Di Vaio,FC Parma,2002
Stipe Pletikosa,HNK Hajduk Split,2002
Tomislav Butina,GNK Dinamo Zagreb,2002
Vladimir Vasilj,NK Zagreb,2002
Josip Simunic,Hertha BSC,2002
Dario Simic,Inter Mailand,2002
Stjepan Tomas,Vicenza Calcio,2002
Robert Kovac,FC Bayern München,2002
Robert Jarni,Panathinaikos Athen,2002
Anthony Seric,Hellas Verona,2002
Boris Zivkovic,Bayer 04 Leverkusen,2002
Daniel Saric,Panathinaikos Athen,2002
Niko Kovac,FC Bayern München,2002
Zvonimir Soldo,VfB Stuttgart,2002
Robert Prosinecki,FC Portsmouth,2002
Jurica Vranjes,Bayer 04 Leverkusen,2002
Mario Stanic,FC Chelsea,2002
Milan Rapaic,Fenerbahce Istanbul,2002
Davor Suker,West Ham United,2002
Alen Boksic,FC Middlesbrough,2002
Davor Vugrinec,US Lecce,2002
Ivica Olic,NK Zagreb,2002
Goran Vlaovic,Panathinaikos Athen,2002
Bosko Balaban,Aston Villa,2002
Yoshikatsu Kawaguchi,FC Portsmouth,2002
Seigo Narazaki,Nagoya Grampus,2002
Hitoshi Sogahata,Kashima Antlers,2002
Yutaka Akita,Kashima Antlers,2002
Naoki Matsuda †,Yokohama F. Marinos,2002
Ryuzo Morioka,Shimizu S-Pulse,2002
Koji Nakata,Kashima Antlers,2002
Tsuneyasu Miyamoto,Gamba Osaka,2002
Daisuke Ichikawa,Shimizu S-Pulse,2002
Junichi Inamoto,Gamba Osaka,2002
Toshihiro Hattori,Jubilo Iwata,2002
Alessandro Santos,Shimizu S-Pulse,2002
Takashi Fukunishi,Jubilo Iwata,2002
Tomokazu Myojin,Kashiwa Reysol,2002
Kazuyuki Toda,Shimizu S-Pulse,2002
Mitsuo Ogasawara,Kashima Antlers,2002
Hidetoshi Nakata,FC Parma,2002
Hiroaki Morishima,Cerezo Osaka,2002
Shinji Ono,Feyenoord Rotterdam,2002
Akinori Nishizawa,Bolton Wanderers,2002
Masashi Nakayama,Jubilo Iwata,2002
Takayuki Suzuki,Kashima Antlers,2002
Atsushi Yanagisawa,Kashima Antlers,2002
Geert de Vlieger,Willem II Tilburg,2002
Francky Vandendriessche,Excelsior Mouscron,2002
Frédéric Herpoel,KAA Gent,2002
Eric van Meir,Standard Lüttich,2002
Philippe Clement,FC Brügge,2002
Glen de Boeck,RSC Anderlecht,2002
Jacky Peeters,KAA Gent,2002
Daniel van Buyten,Olympique Marseille,2002
Nico van Kerckhoven,FC Schalke 04,2002
Peter van der Heyden,FC Brügge,2002
Eric Deflandre,Olympique Lyon,2002
Timmy Simons,FC Brügge,2002
Gaëtan Englebert,FC Brügge,2002
Yves Vanderhaeghe,RSC Anderlecht,2002
Bernd Thijs,KRC Genk,2002
Sven Vermant,FC Schalke 04,2002
Bart Goor,Hertha BSC,2002
Johan Walem,Standard Lüttich,2002
Danny Boffin,VV St. Truiden,2002
Marc Wilmots,FC Schalke 04,2002
Wesley Sonck,KRC Genk,2002
Gert Verheyen,FC Brügge,2002
Branko Strupar,Derby County,2002
Mbo Mpenza,Galatasaray Istanbul,2002
Ruslan Nigmatullin,Lokomotiv Moskau,2002
Stanislav Cherchesov,FC Wacker Innsbruck,2002
Aleksandr Filimonov,Dynamo Kiew,2002
Yuri Nikiforov,PSV Eindhoven,2002
Viktor Onopko,Real Oviedo,2002
Vyacheslav Daev,Torpedo Moskau,2002
Igor Chugaynov,Lokomotiv Moskau,2002
Dmitri Sennikov,Lokomotiv Moskau,2002
Yuri Kovtun,Spartak Moskau,2002
Andrey Solomatin,Lokomotiv Moskau,2002
Omari Tetradze,PAOK Thessaloniki,2002
Aleksandr Tochilin,Dinamo Moskau,2002
Dmitri Khlestov,Besiktas Istanbul,2002
Aleksey Smertin,FC Girondins Bordeaux,2002
Viktor Bulatov,Spartak Moskau,2002
Yuri Drozdov,Lokomotiv Moskau,2002
Igor Semshov,Torpedo Moskau,2002
Aleksandr Mostovoi,Celta Vigo,2002
Sergey Semak,ZSKA Moskau,2002
Dmitri Khokhlov,Real Sociedad San Sebastián,2002
Valeri Karpin,Celta Vigo,2002
Rolan Gusev,Dinamo Moskau,2002
Egor Titov,Spartak Moskau,2002
Marat Izmailov,Lokomotiv Moskau,2002
Andrey Karyaka,Krylya Sovetov Samara,2002
Dmitri Alenichev,FC Porto,2002
Denis Popov,ZSKA Moskau,2002
Andrey Fedkov,Sokol Saratov,2002
Vladimir Beschastnykh,Spartak Moskau,2002
Maksim Buznikin,Lokomotiv Moskau,2002
Aleksandr Kerzhakov,Zenit St. Petersburg,2002
Aleksandr Shirko,Torpedo Moskau,2002
Aleksandr Panov,AS Saint-Étienne,2002
Ruslan Pimenov,Lokomotiv Moskau,2002
Dmitri Sychev,Spartak Tambov,2002
Thomas Gill,MSV Duisburg,1998
Frode Grodas,FC Chelsea,1998
Thomas Myhre,Viking Stavanger,1998
Espen Baardsen,Tottenham Hotspur,1998
Bjørn Tore Kvarme,FC Liverpool,1998
Steinar Nilsen,AC Mailand,1998
Ronny Johnsen,Manchester United,1998
Kjetil-André Rekdal,Hertha BSC,1998
Dan Eggen,Celta Vigo,1998
Erik Hoftun,Rosenborg Trondheim,1998
Vidar Riseth,LASK Linz,1998
Stig Inge Björnebye,FC Liverpool,1998
Gunnar Halle,Leeds United,1998
Henning Berg,Manchester United,1998
Vegard Heggem,Rosenborg Trondheim,1998
Björn Viljugrein,Valerenga Oslo,1998
Odd Inge Olsen,Molde FK,1998
Bent Skammelsrud,Rosenborg Trondheim,1998
Petter Rudi,Molde FK,1998
Stale Solbakken,Milton Keynes Dons,1998
Erik Mykland,Panathinaikos Athen,1998
Roar Strand,Rosenborg Trondheim,1998
Öyvind Leonhardsen,FC Liverpool,1998
Mini Jakobsen,Rosenborg Trondheim,1998
Frank Strandli,Panathinaikos Athen,1998
Tore André Flo,Brann Bergen,1998
Jostein Flo,Strömsgodset IF ,1998
Havard Flo,SV Werder Bremen,1998
Egil Östenstad,FC Southampton,1998
Ole Gunnar Solskjaer,Manchester United,1998
Jim Leighton,Aberdeen FC,1998
Neil Sullivan,Milton Keynes Dons,1998
Jonathan Gould,Celtic Glasgow,1998
Colin Calderwood,Tottenham Hotspur,1998
Colin Hendry,Blackburn Rovers,1998
David Weir,Heart of Midlothian FC,1998
Matt Elliot,Leicester City,1998
Derek Whyte,FC Middlesbrough,1998
Christian Dailly,Derby County,1998
Tom Boyd,Celtic Glasgow,1998
Tosh McKinlay,Celtic Glasgow,1998
Jackie McNamara,Celtic Glasgow,1998
Paul Lambert,Borussia Dortmund,1998
Scot Gemmill,Nottingham Forest,1998
Billy McKinlay,Blackburn Rovers,1998
John Collins,AS Monaco,1998
Craig Burley,Celtic Glasgow,1998
Kevin Gallacher,Blackburn Rovers,1998
Gordon Durie,Glasgow Rangers,1998
Darren Jackson,Celtic Glasgow,1998
Simon Donnelly,Celtic Glasgow,1998
Scott Booth,Borussia Dortmund,1998
Angelo Peruzzi,Juventus Turin,1998
Francesco Toldo,AC Florenz,1998
Gianluca Pagliuca,Inter Mailand,1998
Gianluigi Buffon,FC Parma,1998
Paolo Maldini,AC Mailand,1998
Fabio Cannavaro,FC Parma,1998
Alessandro Costacurta,AC Mailand,1998
Alessandro Nesta,Lazio Rom,1998
Giuseppe Favalli,Lazio Rom,1998
Gianluca Pessotto,Juventus Turin,1998
Christian Panucci,Real Madrid,1998
Giuseppe Bergomi,Inter Mailand,1998
Moreno Torricelli,Juventus Turin,1998
Damiano Tommasi,AS Rom,1998
Demetrio Albertini,AC Mailand,1998
Dino Baggio,FC Parma,1998
Luigi Di Biagio,AS Rom,1998
Roberto Di Matteo,FC Chelsea,1998
Diego Fuser,Lazio Rom,1998
Angelo Di Livio,Juventus Turin,1998
Francesco Moriero,Inter Mailand,1998
Eusebio Di Francesco,AS Rom,1998
Roberto Baggio,FC Bologna,1998
Francesco Totti,AS Rom,1998
Alessandro Del Piero,Juventus Turin,1998
Filippo Inzaghi,Juventus Turin,1998
Enrico Chiesa,FC Parma,1998
Christian Vieri,Atlético Madrid,1998
Michael Konsel,AS Rom,1998
Franz Wohlfahrt,VfB Stuttgart,1998
Wolfgang Knaller,FK Austria Wien,1998
Walter Kogler,AS Cannes,1998
Wolfgang Feiersinger,Borussia Dortmund,1998
Peter Schöttel,SK Rapid Wien,1998
Anton Pfeffer,FK Austria Wien,1998
Martin Hiden,SK Rapid Wien,1998
Andreas Heraf,SK Rapid Wien,1998
Roman Mählich,SK Sturm Graz,1998
Arnold Wetl,SK Rapid Wien,1998
Dietmar Kühbauer,Real Sociedad San Sebastián,1998
Harald Cerny,TSV 1860 München,1998
Martin Amerhauser,Red Bull Salzburg,1998
Andreas Herzog,SV Werder Bremen,1998
Hannes Reinmayr,SK Sturm Graz,1998
Peter Stöger,SK Rapid Wien,1998
Markus Schopp,Hamburger SV,1998
Heimo Pfeifenberger,SV Werder Bremen,1998
Ivica Vastic,SK Sturm Graz,1998
Mario Haas,SK Sturm Graz,1998
Toni Polster,1.FC Köln,1998
Peter Rufai,Deportivo La Coruna,1998
William Okpara,Orlando Pirates,1998
Abiodun Baruwa,FC Sion,1998
Godwin Okpara,Racing Straßburg,1998
Uche Okechukwu,Fenerbahce Istanbul,1998
Boniface Okafor †,Sporting Kansas City,1998
Augustine Owen Eguavoen,Torpedo Moskau,1998
Celestine Babayaro,FC Chelsea,1998
Taribo West,Inter Mailand,1998
Ben Iroha,D.C. United,1998
Mobi Oparaku,KV Turnhout,1998
Sunday Oliseh,Ajax Amsterdam,1998
Mutiu Adepoju,Real Sociedad San Sebastián,1998
Garba Lawal,Esperance Tunis,1998
Jay-Jay Okocha,Fenerbahce Istanbul,1998
Wilson Oruma,RC Lens,1998
Finidi George,Real Betis Sevilla,1998
Tijani Babangida,Ajax Amsterdam,1998
Nwankwo Kanu,Inter Mailand,1998
Rasheed Yekini †,FC Zürich,1998
Daniel Amokachi,Besiktas Istanbul,1998
Victor Ikpeba,AS Monaco,1998
Andoni Zubizarreta,FC Valencia,1998
Santiago Cañizares,Celta Vigo,1998
José Francisco Molina,Atlético Madrid,1998
Fernando Hierro,Real Madrid,1998
Rafael Alkorta,Athletic Bilbao,1998
Abelardo,FC Barcelona,1998
Miguel Ángel Nadal,FC Barcelona,1998
Agustín Aranzabal,Real Sociedad San Sebastián,1998
Sergi Barjuán,FC Barcelona,1998
Albert Ferrer,FC Barcelona,1998
Iván Campo,RCD Mallorca,1998
Albert Celades,FC Barcelona,1998
Guillermo Amor,FC Barcelona,1998
Juan Carlos Aguilera,Atlético Madrid,1998
Julen Guerrero,Athletic Bilbao,1998
Luis Enrique,FC Barcelona,1998
Joseba Etxeberria,Athletic Bilbao,1998
Raúl,Real Madrid,1998
Fernando Morientes,Real Madrid,1998
Juan Antonio Pizzi,FC Barcelona,1998
Alfonso,Real Betis Sevilla,1998
Kiko,Atlético Madrid,1998
Edwin van der Sar,Ajax Amsterdam,1998
Ed de Goey,FC Chelsea,1998
Ruud Hesp,FC Barcelona,1998
Jaap Stam,PSV Eindhoven,1998
Frank de Boer,Ajax Amsterdam,1998
André Ooijer,Roda JC Kerkrade,1998
Winston Bogarde,FC Barcelona,1998
Arthur Numan,PSV Eindhoven,1998
Giovanni van Bronckhorst,Feyenoord Rotterdam,1998
Michael Reiziger,FC Barcelona,1998
Wim Jonk,PSV Eindhoven,1998
Phillip Cocu,PSV Eindhoven,1998
Edgar Davids,AC Mailand,1998
Aron Winter,Inter Mailand,1998
Clarence Seedorf,Real Madrid,1998
Boudewijn Zenden,PSV Eindhoven,1998
Ronald de Boer,Ajax Amsterdam,1998
Marc Overmars,FC Arsenal,1998
Dennis Bergkamp,FC Arsenal,1998
Patrick Kluivert,AC Mailand,1998
Pierre van Hooijdonk,Nottingham Forest,1998
Jimmy Floyd Hasselbaink,Leeds United,1998
Filip de Wilde,Sporting Lissabon,1998
Philipe vande Walle,Lierse SK,1998
Dany Verlinden,FC Brügge,1998
Eric van Meir,Lierse SK,1998
Lorenzo Staelens,FC Brügge,1998
Gordan Vidovic,Excelsior Mouscron,1998
Philippe Clement,KRC Genk,1998
Glen de Boeck,RSC Anderlecht,1998
Mike Verstraeten,Germinal Ekeren,1998
Vital Borkelmans,FC Brügge,1998
Nico van Kerckhoven,Lierse SK,1998
Bertrand Crasson,SSC Neapel,1998
Eric Deflandre,FC Brügge,1998
Franky van der Elst,FC Brügge,1998
Enzo Scifo,RSC Anderlecht,1998
Danny Boffin,FC Metz,1998
Marc Wilmots,FC Schalke 04,1998
Luis Oliveira,AC Florenz,1998
Mbo Mpenza,Standard Lüttich,1998
Luc Nilis,PSV Eindhoven,1998
Gert Verheyen,FC Brügge,1998
Emile Mpenza,Standard Lüttich,1998
Andreas Köpke,Olympique Marseille,1998
Oliver Kahn,FC Bayern München,1998
Jens Lehmann,FC Schalke 04,1998
Lothar Matthäus,FC Bayern München,1998
Christian Wörns,Bayer 04 Leverkusen,1998
Jürgen Kohler,Borussia Dortmund,1998
Thomas Helmer,FC Bayern München,1998
Markus Babbel,FC Bayern München,1998
Michael Tarnat,FC Bayern München,1998
Stefan Reuter,Borussia Dortmund,1998
Jens Jeremies,TSV 1860 München,1998
Steffen Freund,Borussia Dortmund,1998
Dietmar Hamann,FC Bayern München,1998
Olaf Thon,FC Schalke 04,1998
Jörg Heinrich,Borussia Dortmund,1998
Christian Ziege,AC Mailand,1998
Andreas Möller,Borussia Dortmund,1998
Thomas Häßler,Karlsruher SC,1998
Ulf Kirsten,Bayer 04 Leverkusen,1998
Olaf Marschall,1.FC Kaiserslautern,1998
Jürgen Klinsmann,Sampdoria Genua,1998
Oliver Bierhoff,Udinese Calcio,1998
Ivica Kralj,FC Porto,1998
Dragoje Lekovic,Sporting Gijón,1998
Branko Brnovic,Espanyol Barcelona,1998
Goran Djorovic,Celta Vigo,1998
Miroslav Djukic,FC Valencia,1998
Sinisa Mihajlovic,Sampdoria Genua,1998
Slobodan Komljenovic,MSV Duisburg,1998
Niša Saveljić,FC Girondins Bordeaux,1998
Zoran Mirkovic,Atalanta Bergamo,1998
Zeljko Petrovic,PSV Eindhoven,1998
Dragan Stojkovic,Nagoya Grampus,1998
Miroslav Stevic,TSV 1860 München,1998
Slavisa Jokanovic,CD Teneriffa,1998
Dejan Govedarica,US Lecce,1998
Dejan Stankovic,Roter Stern Belgrad,1998
Vladimir Jugovic,Lazio Rom,1998
Dejan Savicevic,Roter Stern Belgrad,1998
Ljubinko Drulovic,FC Porto,1998
Perica Ognjenovic,Roter Stern Belgrad,1998
Predrag Mijatović,Real Madrid,1998
Savo Milosevic,Aston Villa,1998
Darko Kovacevic,Real Sociedad San Sebastián,1998
David Seaman,FC Arsenal,1998
Nigel Martyn,Leeds United,1998
Tim Flowers,Blackburn Rovers,1998
Sol Campbell,Tottenham Hotspur,1998
Tony Adams,FC Arsenal,1998
Gareth Southgate,Aston Villa,1998
Martin Keown,FC Arsenal,1998
Rio Ferdinand,West Ham United,1998
Graeme Le Saux,Blackburn Rovers,1998
Gary Neville,Manchester United,1998
Paul Ince,FC Liverpool,1998
David Batty,Newcastle United,1998
David Beckham,Manchester United,1998
Paul Scholes,Manchester United,1998
Paul Merson,FC Middlesbrough,1998
Steve McManaman,FC Liverpool,1998
Rob Lee,Newcastle United,1998
Darren Anderton,Tottenham Hotspur,1998
Alan Shearer,Newcastle United,1998
Teddy Sheringham,Manchester United,1998
Les Ferdinand,Tottenham Hotspur,1998
Michael Owen,FC Liverpool,1998
Óscar Córdoba,Club Atlético Boca Juniors,1998
Miguel Calero †,Deportivo Cali,1998
Faryd Mondragón,CA Independiente de Avellaneda,1998
José Santa,Atlético Nacional,1998
Iván Córdoba,Atlético Nacional,1998
Éver Palacios,Deportivo Cali,1998
Jorge Bermúdez,Club Atlético Boca Juniors,1998
Wilmer Cabrera,CA Independiente de Avellaneda,1998
Luis Moreno,Deportes Tolima,1998
Andrés Estrada,Atlético Nacional,1998
Mauricio Serna,Club Atlético Boca Juniors,1998
John Wilmar Pérez,Deportivo Cali,1998
Hárold Lozano,Real Valladolid,1998
Carlos Valderrama,Tampa Bay Mutiny,1998
Jorge Bolaño,CD Atlético Junior,1998
Freddy Rincón,Corinthians Sao Paulo,1998
Anthony de Ávila,Barcelona SC Guayaquil,1998
Adolfo Valencia,CD América de Cali,1998
Faustino Asprilla,Newcastle United,1998
Víctor Aristizábal,FC São Paulo,1998
Hámilton Ricard,FC Middlesbrough,1998
Léider Preciado,Independiente Santa Fe,1998
Stanislav Cherchesov,Dynamo Dresden,1994
Dmitri Kharin,FC Chelsea,1994
Yuri Nikiforov,Spartak Moskau,1994
Sergey Gorlukovich,KFC Uerdingen 05,1994
Vladislav Ternavski,Nyva Ternopil,1994
Viktor Onopko,Spartak Moskau,1994
Dmitri Galyamin,Espanyol Barcelona,1994
Dmitri Popov,Racing Santander,1994
Omari Tetradze,Dinamo Moskau,1994
Dmitri Khlestov,Spartak Moskau,1994
Andrey Pyatnitskiy,Spartak Moskau,1994
Igor Ledyakhov,Spartak Moskau,1994
Aleksandr Mostovoi,Benfica Lissabon,1994
Valeri Karpin,Spartak Moskau,1994
Ilia Tsymbalar †,Spartak Moskau,1994
Igor Korneev,Espanyol Barcelona,1994
Oleg Salenko,CD Logrones,1994
Vladimir Beschastnykh,Spartak Moskau,1994
Aleksandr Borodyuk,FC Schalke 04,1994
Dmitri Radchenko,Racing Santander,1994
Sergey Yuran,Benfica Lissabon,1994
Bodo Illgner,1.FC Köln,1994
Andreas Köpke,1.FC Nürnberg,1994
Oliver Kahn,Karlsruher SC,1994
Lothar Matthäus,FC Bayern München,1994
Michael Schulz,Borussia Dortmund,1994
Jürgen Kohler,Juventus Turin,1994
Thomas Helmer,FC Bayern München,1994
Guido Buchwald,VfB Stuttgart,1994
Thomas Berthold,VfB Stuttgart,1994
Andreas Brehme,1.FC Kaiserslautern,1994
Thomas Strunz,VfB Stuttgart,1994
Matthias Sammer,Borussia Dortmund,1994
Maurizio Gaudino,Eintracht Frankfurt,1994
Mario Basler,SV Werder Bremen,1994
Martin Wagner,1.FC Kaiserslautern,1994
Uwe Bein,Eintracht Frankfurt,1994
Andreas Möller,Juventus Turin,1994
Thomas Häßler,AS Rom,1994
Stefan Effenberg,AC Florenz,1994
Karl-Heinz Riedle,Borussia Dortmund,1994
Stefan Kuntz,1.FC Kaiserslautern,1994
Rudi Völler,Olympique Marseille,1994
Jürgen Klinsmann,AS Monaco,1994
Ulf Kirsten,Bayer 04 Leverkusen,1994
Ed de Goey,Feyenoord Rotterdam,1994
Edwin van der Sar,Ajax Amsterdam,1994
Theo Snelders,Aberdeen FC,1994
Ronald Koeman,FC Barcelona,1994
Danny Blind,Ajax Amsterdam,1994
Stan Valckx,Sporting Lissabon,1994
Frank de Boer,Ajax Amsterdam,1994
Frank Rijkaard,Ajax Amsterdam,1994
John de Wolf,(RJO) Feyenoord/Excelsior U19,1994
Arthur Numan,PSV Eindhoven,1994
Ulrich van Gobbel,Feyenoord Rotterdam,1994
Jan Wouters,FC Bayern München,1994
Wim Jonk,Inter Mailand,1994
Aron Winter,Lazio Rom,1994
Rob Witschge,Feyenoord Rotterdam,1994
Ronald de Boer,Ajax Amsterdam,1994
Marc Overmars,Ajax Amsterdam,1994
Peter van Vossen,Ajax Amsterdam,1994
Bryan Roy,Foggia Calcio,1994
Dennis Bergkamp,Inter Mailand,1994
John Bosman,RSC Anderlecht,1994
Gaston Taument,Feyenoord Rotterdam,1994
Michel Preud'homme,KV Mechelen,1994
Filip de Wilde,RSC Anderlecht,1994
Dany Verlinden,FC Brügge,1994
Dirk Medved,FC Brügge,1994
Eric van Meir,RSC Charleroi,1994
Philippe Albert,RSC Anderlecht,1994
Lorenzo Staelens,FC Brügge,1994
Georges Grün,FC Parma,1994
Vital Borkelmans,FC Brügge,1994
Rudi Smidts,Royal FC Antwerpen,1994
Michel de Wolf,RSC Anderlecht,1994
Pascal Renier,FC Brügge,1994
Marc Emmers,RSC Anderlecht,1994
Franky van der Elst,FC Brügge,1994
Enzo Scifo,AS Monaco,1994
Danny Boffin,RSC Anderlecht,1994
Stéphane van der Heyden,FC Brügge,1994
Marc Wilmots,Standard Lüttich,1994
Josip Weber,Cercle Brügge,1994
Luc Nilis,RSC Anderlecht,1994
Marc Degryse,RSC Anderlecht,1994
Alex Czerniatynski,KV Mechelen,1994
Walter Zenga,Inter Mailand,1990
Stefano Tacconi,Juventus Turin,1990
Gianluca Pagliuca,Sampdoria Genua,1990
Franco Baresi,AC Mailand,1990
Ciro Ferrara,SSC Neapel,1990
Riccardo Ferri,Inter Mailand,1990
Paolo Maldini,AC Mailand,1990
Pietro Vierchowod,Sampdoria Genua,1990
Luigi de Agostini,Juventus Turin,1990
Giuseppe Bergomi,Inter Mailand,1990
Giancarlo Marocchi,Juventus Turin,1990
Carlo Ancelotti,AC Mailand,1990
Nicola Berti,Inter Mailand,1990
Fernando de Napoli,SSC Neapel,1990
Roberto Donadoni,AC Mailand,1990
Giuseppe Giannini,AS Rom,1990
Roberto Baggio,AC Florenz,1990
Andrea Carnevale,SSC Neapel,1990
Aldo Serena,Inter Mailand,1990
Roberto Mancini,Sampdoria Genua,1990
Salvatore Schillaci,Juventus Turin,1990
Gianluca Vialli,Sampdoria Genua,1990
Klaus Lindenberger,FC Wacker Innsbruck,1990
Michael Konsel,SK Rapid Wien,1990
Otto Konrad,SK Sturm Graz,1990
Ernst Aigner,FK Austria Wien,1990
Kurt Russ,First Vienna FC,1990
Michael Streiter,FC Wacker Innsbruck,1990
Anton Pfeffer,FK Austria Wien,1990
Peter Schöttel,SK Rapid Wien,1990
Michael Baur,FC Wacker Innsbruck,1990
Robert Pecl,SK Rapid Wien,1990
Andreas Reisinger,Wiener Sportklub,1990
Manfred Linzmaier,FC Wacker Innsbruck,1990
Gerald Glatzmayer †,First Vienna FC,1990
Manfred Zsak,FK Austria Wien,1990
Peter Artner,FC Admira Wacker Mödling,1990
Alfred Hörtnagl,FC Wacker Innsbruck,1990
Andreas Herzog,SK Rapid Wien,1990
Heimo Pfeifenberger,SK Rapid Wien,1990
Christian Keglevits,SK Rapid Wien,1990
Toni Polster,FC Sevilla,1990
Andreas Ogris,FK Austria Wien,1990
Gerhard Rodax,FC Admira Wacker Mödling,1990
Ángel Comizzo,Club Atlético River Plate,1990
Nery Alberto Pumpido,Real Betis Sevilla,1990
Sergio Goycochea,Millonarios FC,1990
Fabián Cancelarich,Ferro Carril Oeste,1990
Nestor Gabriel Lorenzo,FC Bari,1990
José Serrizuela,Club Atlético River Plate,1990
Edgardo Bauza,Club Atlético Rosario Central,1990
Néstor Ariel Fabbri,Racing Club de Avellaneda,1990
Néstor Sensini,Udinese Calcio,1990
Oscar Ruggeri,Real Madrid,1990
Juan Ernesto Simón,Club Atlético Boca Juniors,1990
Pedro Monzón,CA Independiente de Avellaneda,1990
José Basualdo,VfB Stuttgart,1990
Jorge Luis Burruchaga,FC Nantes,1990
Pedro Troglio,Lazio Rom,1990
Ricardo Omar Giusti,CA Independiente de Avellaneda,1990
Sergio Daniel Batista,Club Atlético River Plate,1990
Julio Jorge Olarticoechea,Racing Club de Avellaneda,1990
Gabriel Humberto Calderón,FC Paris Saint-Germain,1990
Diego Maradona,SSC Neapel,1990
Claudio Caniggia,Hellas Verona,1990
Abel Balbo,Udinese Calcio,1990
Gustavo Dezotti,US Cremonese,1990
Jim Leighton,Manchester United,1990
Andy Goram,Hibernian FC,1990
Bryan Gunn,Norwich City,1990
Alex McLeish,Aberdeen FC,1990
Roy Aitken,Celtic Glasgow,1990
Richard Gough,Glasgow Rangers,1990
Craig Levein,Heart of Midlothian FC,1990
Dave McPherson,Heart of Midlothian FC,1990
Maurice Malpas,Dundee United FC,1990
Stewart McKimmie,Aberdeen FC,1990
Gary Gillespie,FC Liverpool,1990
Gary McAllister,Leicester City,1990
Murdo MacLeod,Borussia Dortmund,1990
Paul McStay,Celtic Glasgow,1990
Stuart McCall,FC Everton,1990
Jim Bett,Aberdeen FC,1990
John Collins,Hibernian FC,1990
Gordon Durie,FC Chelsea,1990
Robert Fleck,Norwich City,1990
Mo Johnston,Glasgow Rangers,1990
Ally McCoist,Glasgow Rangers,1990
Alan McInally,FC Bayern München,1990
Bodo Illgner,1.FC Köln,1990
Raimond Aumann,FC Bayern München,1990
Andreas Köpke,1.FC Nürnberg,1990
Klaus Augenthaler,FC Bayern München,1990
Lothar Matthäus,Inter Mailand,1990
Jürgen Kohler,FC Bayern München,1990
Guido Buchwald,VfB Stuttgart,1990
Thomas Berthold,AS Rom,1990
Paul Steiner,1.FC Köln,1990
Andreas Brehme,Inter Mailand,1990
Hans Pflügler,FC Bayern München,1990
Stefan Reuter,FC Bayern München,1990
Günter Hermann,SV Werder Bremen,1990
Olaf Thon,FC Bayern München,1990
Pierre Littbarski,1.FC Köln,1990
Thomas Häßler,1.FC Köln,1990
Uwe Bein,Eintracht Frankfurt,1990
Andreas Möller,Borussia Dortmund,1990
Rudi Völler,AS Rom,1990
Frank Mill,Borussia Dortmund,1990
Karl-Heinz Riedle,SV Werder Bremen,1990
Jürgen Klinsmann,Inter Mailand,1990
Michel Preud'homme,KV Mechelen,1990
Gilbert Bodart,Standard Lüttich,1990
Filip de Wilde,RSC Anderlecht,1990
Pascal Plovie,FC Brügge,1990
Patrick Vervoort,RSC Anderlecht,1990
Philippe Albert,KV Mechelen,1990
Stéphane Demol,FC Porto,1990
Georges Grün,RSC Anderlecht,1990
Jean-Francois de Sart,RFC Lüttich,1990
Lorenzo Staelens,FC Brügge,1990
Michel de Wolf,KV Kortrijk,1990
Eric Gerets,PSV Eindhoven,1990
Bruno Versavel,KV Mechelen,1990
Marc Emmers,KV Mechelen,1990
Lei Clijsters †,KV Mechelen,1990
Franky van der Elst,FC Brügge,1990
Enzo Scifo,AJ Auxerre,1990
Jan Ceulemans,FC Brügge,1990
Marc Wilmots,KV Mechelen,1990
Nico Claesen,Royal FC Antwerpen,1990
Marc Van Der Linden,RSC Anderlecht,1990
Marc Degryse,RSC Anderlecht,1990
Franco Tancredi,AS Rom,1986
Giovanni Galli,AC Florenz,1986
Sebastiano Nela,AS Rom,1986
Roberto Tricella,Hellas Verona,1986
Gaetano Scirea †,Juventus Turin,1986
Franco Baresi,AC Mailand,1986
Pietro Vierchowod,Sampdoria Genua,1986
Fulvio Collovati,Inter Mailand,1986
Antonio Cabrini,Juventus Turin,1986
Giuseppe Bergomi,Inter Mailand,1986
Salvatore Bagni,SSC Neapel,1986
Antonio Di Gennaro,Hellas Verona,1986
Marco Tardelli,Inter Mailand,1986
Giuseppe Baresi,Inter Mailand,1986
Carlo Ancelotti,AS Rom,1986
Bruno Conti,AS Rom,1986
Pietro Fanna,Inter Mailand,1986
Giuseppe Galderisi,Hellas Verona,1986
Bruno Giordano,SSC Neapel,1986
Gianluca Vialli,Sampdoria Genua,1986
Paolo Rossi,AC Mailand,1986
Alessandro Altobelli,Inter Mailand,1986
Daniele Massaro,AC Florenz,1986
Troels Rasmussen,Aarhus GF,1986
Morten Olsen,RSC Anderlecht,1986
Ivan Nielsen,Feyenoord Rotterdam,1986
Henrik Andersen,RSC Anderlecht,1986
John Sivebaek,Vejle Boldklub,1986
Klaus Berggreen,AC Pisa 1909,1986
Jens Jörn Bertelsen,FC Aarau,1986
Jan Mölby,FC Liverpool,1986
Sören Lerby,FC Bayern München,1986
Frank Arnesen,RSC Anderlecht,1986
Michael Laudrup,Juventus Turin,1986
Per Frimann,RSC Anderlecht,1986
John Eriksen †,Feyenoord Rotterdam,1986
Preben Elkjaer-Larsen,Hellas Verona,1986
Toni Schumacher,1.FC Köln,1986
Uli Stein,Hamburger SV,1986
Matthias Herget,KFC Uerdingen 05,1986
Lothar Matthäus,FC Bayern München,1986
Ditmar Jakobs,Hamburger SV,1986
Klaus Augenthaler,FC Bayern München,1986
Guido Buchwald,VfB Stuttgart,1986
Thomas Berthold,Eintracht Frankfurt,1986
Karlheinz Förster,VfB Stuttgart,1986
Norbert Eder,FC Bayern München,1986
Wolfgang Funkel,KFC Uerdingen 05,1986
Andreas Brehme,1.FC Kaiserslautern,1986
Karl Allgöwer,VfB Stuttgart,1986
Wolfgang Rolff,Hamburger SV,1986
Olaf Thon,FC Schalke 04,1986
Ludwig Kögl,FC Bayern München,1986
Pierre Littbarski,1.FC Köln,1986
Felix Magath,Hamburger SV,1986
Norbert Meier,SV Werder Bremen,1986
Hans-Peter Briegel,Hellas Verona,1986
Heinz Gründel,Hamburger SV,1986
Frank Mill,Borussia Mönchengladbach,1986
Dieter Hoeneß,FC Bayern München,1986
Uwe Rahn,Borussia Mönchengladbach,1986
Rudi Völler,SV Werder Bremen,1986
Klaus Allofs,1.FC Köln,1986
Karl-Heinz Rummenigge,Inter Mailand,1986
Andy Goram,Oldham Athletic,1986
David Narey,Dundee United FC,1986
Alex McLeish,Aberdeen FC,1986
Willie Miller,Aberdeen FC,1986
Maurice Malpas,Dundee United FC,1986
Arthur Albiston,Manchester United,1986
Jim Bett,Aberdeen FC,1986
Davie Cooper †,Glasgow Rangers,1986
Paul Sturrock,Dundee United FC,1986
Ally McCoist,Glasgow Rangers,1986
Peter Shilton,FC Southampton,1986
Chris Woods,Norwich City,1986
Gary Bailey,Manchester United,1986
Mark Wright,FC Southampton,1986
Alvin Martin,West Ham United,1986
Terry Butcher,Ipswich Town,1986
Terry Fenwick,Queens Park Rangers,1986
Kenny Sansom,FC Arsenal,1986
Gary Stevens,FC Everton,1986
Viv Anderson,FC Arsenal,1986
Gordon Cowans,FC Bari,1986
Gary Stevens,Tottenham Hotspur,1986
Peter Reid,FC Everton,1986
Bryan Robson,Manchester United,1986
Ray Wilkins,AC Mailand,1986
Steve Hodge,Aston Villa,1986
Trevor Steven,FC Everton,1986
Glenn Hoddle,Tottenham Hotspur,1986
Chris Waddle,Tottenham Hotspur,1986
John Barnes,FC Watford,1986
Mark Hateley,AC Mailand,1986
Gary Lineker,FC Everton,1986
Peter Beardsley,Newcastle United,1986
Kerry Dixon,FC Chelsea,1986
Dino Zoff,Juventus Turin,1982
Claudio Bordon,Inter Mailand,1982
Giovanni Galli,AC Florenz,1982
Franco Baresi,AC Mailand,1982
Gaetano Scirea †,Juventus Turin,1982
Fulvio Collovati,AC Mailand,1982
Pietro Vierchowod,Sampdoria Genua,1982
Antonio Cabrini,Juventus Turin,1982
Giuseppe Bergomi,Inter Mailand,1982
Claudio Gentile,Juventus Turin,1982
Giuseppe Dossena,FC Turin,1982
Giampiero Marini,Inter Mailand,1982
Gabriele Oriali,Inter Mailand,1982
Marco Tardelli,Juventus Turin,1982
Bruno Conti,AS Rom,1982
Giancarlo Antognoni,AC Florenz,1982
Franco Causio,Udinese Calcio,1982
Daniele Massaro,AC Florenz,1982
Alessandro Altobelli,Inter Mailand,1982
Francesco Graziani,AC Florenz,1982
Paolo Rossi,Vicenza Calcio,1982
Franco Selvaggi,Cagliari Calcio,1982
Toni Schumacher,1.FC Köln,1982
Bernd Franke,Eintracht Braunschweig,1982
Eike Immel,Borussia Dortmund,1982
Lothar Matthäus,Borussia Mönchengladbach,1982
Karlheinz Förster,VfB Stuttgart,1982
Bernd Förster,VfB Stuttgart,1982
Wilfried Hannes,Borussia Mönchengladbach,1982
Holger Hieronymus,Hamburger SV,1982
Manfred Kaltz,Hamburger SV,1982
Wolfgang Dremmler,FC Bayern München,1982
Uli Stielike,Real Madrid,1982
Stephan Engels,1.FC Köln,1982
Paul Breitner,FC Bayern München,1982
Hansi Müller,VfB Stuttgart,1982
Hans-Peter Briegel,1.FC Kaiserslautern,1982
Pierre Littbarski,1.FC Köln,1982
Felix Magath,Hamburger SV,1982
Jürgen Milewski,Hamburger SV,1982
Klaus Fischer,1.FC Köln,1982
Horst Hrubesch,Hamburger SV,1982
Karl-Heinz Rummenigge,FC Bayern München,1982
Uwe Reinders,SV Werder Bremen,1982
Thomas Allofs,Fortuna Düsseldorf,1982
Héctor Rodolfo Baley,Talleres de Córdoba CA,1982
Ubaldo Matildo Fillol,Club Atlético River Plate,1982
Nery Alberto Pumpido,Club Atlético Vélez Sarsfield,1982
Enzo Héctor Trossero,CA Independiente de Avellaneda,1982
José Daniel van Tuyne,Racing Club de Avellaneda,1982
Jorge Mario Olguín,CA Independiente de Avellaneda,1982
Daniel Passarella,Club Atlético River Plate,1982
Luis Adolfo Galván,Talleres de Córdoba CA,1982
Alberto César Tarantini,Club Atlético River Plate,1982
Patricio Jose Hernández,Estudiantes de La Plata,1982
Juan Alberto Barbas,Racing Club de Avellaneda,1982
Américo Gallego,Club Atlético River Plate,1982
Osvaldo César Ardiles,Tottenham Hotspur,1982
Julio Jorge Olarticoechea,Club Atlético River Plate,1982
Gabriel Humberto Calderón,CA Independiente de Avellaneda,1982
Diego Maradona,Club Atlético Boca Juniors,1982
José Daniel Valencia,Talleres de Córdoba CA,1982
Santiago Santamaría,Club Atlético Newell's Old Boys,1982
Ricardo Daniel Bertoni,AC Florenz,1982
Ramón Díaz,Club Atlético River Plate,1982
Mario Kempes,Club Atlético River Plate,1982
Jorge Valdano,Real Saragossa ,1982
Ray Clemence,Tottenham Hotspur,1982
Joe Corrigan,Manchester City,1982
Peter Shilton,Nottingham Forest,1982
Terry Butcher,Ipswich Town,1982
Steve Foster,Brighton & Hove Albion,1982
Phil Thompson,FC Liverpool,1982
Mick Mills,Ipswich Town,1982
Kenny Sansom,FC Arsenal,1982
Viv Anderson,Nottingham Forest,1982
Phil Neal,FC Liverpool,1982
Terry McDermott,FC Liverpool,1982
Bryan Robson,Manchester United,1982
Ray Wilkins,Manchester United,1982
Steve Coppell,Manchester United,1982
Graham Rix,FC Arsenal,1982
Sir Trevor Brooking,West Ham United,1982
Glenn Hoddle,Tottenham Hotspur,1982
Kevin Keegan,FC Southampton,1982
Trevor Francis,Manchester City,1982
Paul Mariner,Ipswich Town,1982
Peter Withe,Aston Villa,1982
Tony Woodcock,1.FC Köln,1982
Dominique Baratelli,FC Paris Saint-Germain,1982
Jean Castaneda,AS Saint-Étienne,1982
Jean-Luc Ettori,AS Monaco,1982
Christian Lopez,AS Saint-Étienne,1982
Marius Trésor,FC Girondins Bordeaux,1982
Patrick Battiston,AS Saint-Étienne,1982
Maxime Bossis,FC Nantes,1982
Philippe Mahut †,FC Metz,1982
Manuel Amoros,AS Monaco,1982
Gérard Janvion,AS Saint-Étienne,1982
René Girard,FC Girondins Bordeaux,1982
Jean Tigana,FC Girondins Bordeaux,1982
Jean-François Larios,AS Saint-Étienne,1982
Bernard Genghini,FC Sochaux-Montbéliard,1982
Michel Platini,AS Saint-Étienne,1982
Alain Couriol,AS Monaco,1982
Alain Giresse,FC Girondins Bordeaux,1982
Bruno Bellone,AS Monaco,1982
Didier Six,VfB Stuttgart,1982
Bernard Lacombe,FC Girondins Bordeaux,1982
Dominique Rocheteau,FC Paris Saint-Germain,1982
Gerard Soler,FC Girondins Bordeaux,1982
Luis Arkonada,Real Sociedad San Sebastián,1982
Javier Urruti †,FC Barcelona,1982
Miguel Ángel,Real Madrid,1982
José Ramón Alexanko,FC Barcelona,1982
Miguel Tendillo,FC Valencia,1982
Manolo Jiménez,Sporting Gijón,1982
Antonio Maceda,Sporting Gijón,1982
José Antonio Camacho,Real Madrid,1982
Rafael Gordillo,Real Betis Sevilla,1982
Santi Urkiaga,Athletic Bilbao,1982
Periko Alonso,Real Sociedad San Sebastián,1982
Ricardo Gallego,Real Madrid,1982
Jesús Mari Zamora,Real Sociedad San Sebastián,1982
Tente Sánchez,FC Barcelona,1982
Joaquín,Sporting Gijón,1982
Enrique Saura,FC Valencia,1982
Roberto López Ufarte,Real Unión Irún,1982
Juanito †,Real Madrid,1982
Jesús Satrustegui,Real Sociedad San Sebastián,1982
Pello Uralde,Real Sociedad San Sebastián,1982
Santillana,Real Madrid,1982
Quini,FC Barcelona,1982
Alan Rough,Partick Thistle FC ,1982
George Wood,FC Arsenal,1982
Jim Leighton,Aberdeen FC,1982
Allan Evans,Aston Villa,1982
Alan Hansen,FC Liverpool,1982
Willie Miller,Aberdeen FC,1982
Alex McLeish,Aberdeen FC,1982
David Narey,Dundee United FC,1982
Frank Gray,Leeds United,1982
Danny McGrain,Celtic Glasgow,1982
George Burley,Ipswich Town,1982
Graeme Souness,FC Liverpool,1982
Asa Hartford,Manchester City,1982
Gordon Strachan,Aberdeen FC,1982
John Wark,Ipswich Town,1982
John Robertson,Nottingham Forest,1982
David Provan,Celtic Glasgow,1982
Kenny Dalglish,FC Liverpool,1982
Alan Brazil,Ipswich Town,1982
Joe Jordan,AC Mailand,1982
Steve Archibald,Tottenham Hotspur,1982
Paul Sturrock,Dundee United FC,1982
Ivano Bordon,Inter Mailand,1978
Dino Zoff,Juventus Turin,1978
Paolo Conti,AS Rom,1978
Claudio Bordon,Inter Mailand,1978
Antonello Cuccureddu,Juventus Turin,1978
Gaetano Scirea †,Juventus Turin,1978
Giacinto Facchetti †,Inter Mailand,1978
Antonio Cabrini,Juventus Turin,1978
Aldo Maldera †,AC Mailand,1978
Claudio Gentile,Juventus Turin,1978
Mauro Bellugi,FC Bologna,1978
Romeo Benetti,Juventus Turin,1978
Eraldo Pecci,FC Turin,1978
Patrizio Sala,FC Turin,1978
Renato Zaccarelli,FC Turin,1978
Claudio Sala,FC Turin,1978
Lionello Manfredonia,Lazio Rom,1978
Marco Tardelli,Juventus Turin,1978
Giancarlo Antognoni,AC Florenz,1978
Franco Causio,Juventus Turin,1978
Roberto Bettega,Juventus Turin,1978
Francesco Graziani,FC Turin,1978
Paolo Pulici,FC Turin,1978
Paolo Rossi,Vicenza Calcio,1978
Sepp Maier,FC Bayern München,1978
Rudi Kargus,Hamburger SV,1978
Dieter Burdenski,SV Werder Bremen,1978
Bernard Dietz,MSV Duisburg,1978
Harald Konopka,1.FC Köln,1978
Bernd Cullmann,1.FC Köln,1978
Rolf Rüssmann †,FC Schalke 04,1978
Berti Vogts,Borussia Mönchengladbach,1978
Manfred Kaltz,Hamburger SV,1978
Gerd Zewe,Fortuna Düsseldorf,1978
Rainer Bonhof,Borussia Mönchengladbach,1978
Georg Schwarzenbeck,FC Bayern München,1978
Hansi Müller,VfB Stuttgart,1978
Heinz Flohe †,1.FC Köln,1978
Erich Beer,Hertha BSC,1978
Rüdiger Abramczik,FC Schalke 04,1978
Bernd Hölzenbein,Eintracht Frankfurt,1978
Herbert Zimmermann,1.FC Köln,1978
Klaus Fischer,FC Schalke 04,1978
Karl-Heinz Rummenigge,FC Bayern München,1978
Dieter Müller,1.FC Köln,1978
Ronnie Worm,MSV Duisburg,1978
Alan Rough,Partick Thistle FC ,1978
Jim Blyth,Coventry City,1978
Bobby Clark,Aberdeen FC,1978
Kenny Burns,Nottingham Forest,1978
Martin Buchan,Manchester United,1978
Gordon McQueen,Leeds United,1978
Thomas Forsyth,Glasgow Rangers,1978
Willie Donachie,Manchester City,1978
Sandy Jardine †,Glasgow Rangers,1978
Stuart Kennedy,Aberdeen FC,1978
Bruce Rioch,FC Everton,1978
Donald Sandison Masson,Queens Park Rangers,1978
Asa Hartford,Manchester City,1978
Lou Macari,Manchester United,1978
Graeme Souness,FC Middlesbrough,1978
Archie Gemmill,Derby County,1978
William McClure Johnston,West Bromwich Albion,1978
John Robertson,Nottingham Forest,1978
Kenny Dalglish,FC Liverpool,1978
Joe Jordan,Leeds United,1978
Derek Johnstone,Glasgow Rangers,1978
Joe Harper,Aberdeen FC,1978
Jürgen Croy,FSV Zwickau,1974
Wolfgang Blochwitz †,FC Carl Zeiss Jena,1974
Werner Friese,1.FC Lokomotive Leipzig,1974
Konrad Weise,FC Carl Zeiss Jena,1974
Lothar Kurbjuweit,FC Carl Zeiss Jena,1974
Bernd Bransch,FC Carl Zeiss Jena,1974
Siegmar Wätzlich,Dynamo Dresden,1974
Joachim Fritsche,1.FC Lokomotive Leipzig,1974
Gerd Kische,FC Hansa Rostock,1974
Wolfram Löwe,1.FC Lokomotive Leipzig U19,1974
Reinhard Lauck †,BFC Dynamo,1974
Harald Irmscher,FC Carl Zeiss Jena,1974
Erich Hamann, Unbekannt,1974
Wolfgang Seguin,1.FC Magdeburg,1974
Rüdiger Schnuphase,FC Rot-Weiß Erfurt,1974
Jürgen Sparwasser,1.FC Magdeburg,1974
Jürgen Pommerenke,1.FC Magdeburg,1974
Martin Hoffmann,1.FC Magdeburg,1974
Peter Ducke,FC Carl Zeiss Jena,1974
Hans-Jürgen Kreische,Dynamo Dresden,1974
Joachim Streich,FC Hansa Rostock,1974
Eberhard Vogel,FC Carl Zeiss Jena,1974
Sepp Maier,FC Bayern München,1974
Norbert Nigbur,FC Schalke 04,1974
Wolfgang Kleff,Borussia Mönchengladbach,1974
Franz Beckenbauer,FC Bayern München,1974
Horst-Dieter Höttges,SV Werder Bremen,1974
Bernd Cullmann,1.FC Köln,1974
Wolfgang Weber,1.FC Köln,1974
Helmut Kremers,FC Schalke 04,1974
Berti Vogts,Borussia Mönchengladbach,1974
Georg Schwarzenbeck,FC Bayern München,1974
Rainer Bonhof,Borussia Mönchengladbach,1974
Hans-Josef Kapellmann,FC Bayern München,1974
Paul Breitner,FC Bayern München,1974
Herbert Wimmer,Borussia Mönchengladbach,1974
Dietmar Danner,Borussia Mönchengladbach,1974
Sigfried Held,Kickers Offenbach,1974
Günter Netzer,Real Madrid,1974
Wolfgang Overath,1.FC Köln,1974
Heinz Flohe †,1.FC Köln,1974
Uli Hoeneß,FC Bayern München,1974
Erwin Kremers,FC Schalke 04,1974
Klaus Wunder,MSV Duisburg,1974
Dieter Herzog,Fortuna Düsseldorf,1974
Jürgen Grabowski,Eintracht Frankfurt,1974
Bernd Hölzenbein,Eintracht Frankfurt,1974
Horst Köppel,Borussia Mönchengladbach,1974
Jupp Heynckes,Borussia Mönchengladbach,1974
Gerd Müller,FC Bayern München,1974
Dino Zoff,Juventus Turin,1974
Enrico Albertosi,Cagliari Calcio,1974
Luciano Castellini,FC Turin,1974
Luciano Spinosi,Juventus Turin,1974
Francesco Morini,Juventus Turin,1974
Giuseppe Sabadini,AC Mailand,1974
Giuseppe Wilson,Lazio Rom,1974
Giacinto Facchetti †,Inter Mailand,1974
Tarcisio Burgnich,Inter Mailand,1974
Romeo Benetti,AC Mailand,1974
Fabio Capello,Juventus Turin,1974
Mauro Bellugi,Inter Mailand,1974
Antonio Juliano,SSC Neapel,1974
Luciano Re Cecconi †,Lazio Rom,1974
Luciano Chiarugi,AC Mailand,1974
Giorgio Chinaglia †,Lazio Rom,1974
Pietro Anastasi,Juventus Turin,1974
Luigi Riva,Cagliari Calcio,1974
Sandro Mazzola,Inter Mailand,1974
Franco Causio,Juventus Turin,1974
Gianni Rivera,AC Mailand,1974
Roberto Boninsegna,Inter Mailand,1974
Paolo Pulici,FC Turin,1974
Sepp Maier,FC Bayern München,1970
Manfred Manglitz,1.FC Köln,1970
Horst Wolter,Eintracht Braunschweig,1970
Ludwig Müller,Borussia Mönchengladbach,1970
Horst-Dieter Höttges,SV Werder Bremen,1970
Franz Beckenbauer,FC Bayern München,1970
Klaus-Dieter Sieloff †,Borussia Mönchengladbach,1970
Bernd Patzke,Hertha BSC,1970
Karl-Heinz Schnellinger,AC Mailand,1970
Wolfgang Weber,1.FC Köln,1970
Berti Vogts,Borussia Mönchengladbach,1970
Willi Schulz,Hamburger SV,1970
Klaus Fichtel,FC Schalke 04,1970
Peter Dietrich,Borussia Mönchengladbach,1970
Franz Roth,FC Bayern München,1970
Max Lorenz,Eintracht Braunschweig,1970
Günter Netzer,Borussia Mönchengladbach,1970
Sigfried Held,Borussia Dortmund,1970
Wolfgang Overath,1.FC Köln,1970
Erich Maas,FC Bayern München,1970
Hannes Löhr,1.FC Köln,1970
Stan Libuda †,FC Schalke 04,1970
Jürgen Grabowski,Eintracht Frankfurt,1970
Helmut Haller †,Juventus Turin,1970
Bernd Dörfel,Eintracht Braunschweig,1970
Uwe Seeler,Hamburger SV,1970
Gerd Müller,FC Bayern München,1970
Günter Bernard,SV Werder Bremen,1966
Sepp Maier,FC Bayern München,1966
Hans Tilkowski,Borussia Dortmund,1966
Jürgen Kurbjuhn †,Hamburger SV,1966
Horst-Dieter Höttges,SV Werder Bremen,1966
Klaus-Dieter Sieloff †,VfB Stuttgart,1966
Franz Beckenbauer,FC Bayern München,1966
Friedel Lutz,Eintracht Frankfurt,1966
Bernd Patzke,TSV 1860 München,1966
Wolfgang Paul,Borussia Dortmund,1966
Karl-Heinz Schnellinger,AC Mailand,1966
Wolfgang Weber,1.FC Köln,1966
Sepp Piontek,SV Werder Bremen,1966
Willi Schulz,Hamburger SV,1966
Peter Grosser,TSV 1860 München,1966
Max Lorenz,SV Werder Bremen,1966
Horst Szymaniak †,SV Tasmania Berlin,1966
Wolfgang Overath,1.FC Köln,1966
Sigfried Held,Borussia Dortmund,1966
Günter Netzer,Borussia Mönchengladbach,1966
Heinz Hornig,1.FC Köln,1966
Alfred Heiß,TSV 1860 München,1966
Jürgen Grabowski,Eintracht Frankfurt,1966
Werner Krämer †,MSV Duisburg,1966
Albert Brülls †,Brescia Calcio,1966
Helmut Haller †,FC Bologna,1966
Lothar Emmerich †,Borussia Dortmund,1966
Uwe Seeler,Hamburger SV,1966
Lothar Ulsaß †,Eintracht Braunschweig,1966
